id,full_name,email,password,role,phone_number,address
1,Kitty Docraftsnotdrugs,kitty.docrafts@cth-store.com,pass123,SUPER_ADMIN,,
2,Ron Pleaseandthankyou,ron.please@cth-store.com,pass123,SUPER_ADMIN,,
3,Perry Wrongwrongwrong,perry.wrong@cth-store.com,pass123,SUPER_ADMIN,,
4,Abed Coolcoolcool,abed.cool@cth-store.com,pass123,SUPER_ADMIN,,
5,Jason Iwaspresuccessful,jason.iwas@cth-store.com,pass123,SUPER_ADMIN,,
6,Morewilliam Knifemannow,morewilliam.knife@cth-store.com,pass123,SUPER_ADMIN,,
7,Melking Notapathologist,melking.not@cth-store.com,pass123,SUPER_ADMIN,,
8,Nandor Creepypaper,nandor.creepypaper@cth-store.com,pass123,SUPER_ADMIN,,
9,Erica Justthefacts,erica.facts@cth-store.com,pass123,SUPER_ADMIN,,
10,Turbobaba Isluffyunhinged,turbobaba.unhinged@cth-store.com,pass123,SUPER_ADMIN,,
11,Bailey Ihavefiverules,bailey.rules@cth-store.com,pass123,SUPER_ADMIN,,
12,Rosa Lookatthebunny,rosa.bunny@cth-store.com,pass123,SUPER_ADMIN,,
13,Steve Makinen,steve.makinen@cth-store.com,pass123,STORE_MANAGER,,
14,Uyen Lefebvre,uyen.lefebvre@cth-store.com,pass123,STORE_MANAGER,,
15,Dustin Okpik,dustin.okpik@cth-store.com,pass123,STORE_MANAGER,,
16,Ava Virtanen,ava.virtanen@cth-store.com,pass123,STORE_MANAGER,,
17,Suranne Ituarte,suranne.ituarte@cth-store.com,pass123,STORE_MANAGER,,
18,Sujin O'Malley,sujin.omalley@cth-store.com,pass123,STORE_MANAGER,,
19,Akira Van Dijk,akira.vandijk@cth-store.com,pass123,STORE_MANAGER,,
20,Eddie Qamaniq,eddie.qamaniq@cth-store.com,pass123,WAREHOUSE_STAFF,,
21,Wucy Nieminen,wucy.nieminen@cth-store.com,pass123,WAREHOUSE_STAFF,,
22,Ashra Dubois,ashra.dubois@cth-store.com,pass123,WAREHOUSE_STAFF,,
23,Seokjin Lindholm,seokjin.lindholm@cth-store.com,pass123,WAREHOUSE_STAFF,,
24,Fern Kowalski,fern.kowalski@cth-store.com,pass123,WAREHOUSE_STAFF,,
25,Trevor Tanaka,trevor.tanaka@cth-store.com,pass123,WAREHOUSE_STAFF,,
26,Fergus Angotiguluk,fergus.angotiguluk@cth-store.com,pass123,WAREHOUSE_STAFF,,
27,Safiya Heikkinen,safiya.heikkinen@cth-store.com,pass123,SUPPORT_AGENT,,
28,Barnabus Kato,barnabus.kato@cth-store.com,pass123,SUPPORT_AGENT,,
29,Sunisa Rossi,sunisa.rossi@cth-store.com,pass123,SUPPORT_AGENT,,
30,Moe Korhonen,moe.korhonen@cth-store.com,pass123,SUPPORT_AGENT,,
31,Taylor Aglukkaq,taylor.aglukkaq@cth-store.com,pass123,SUPPORT_AGENT,,
32,Yoongi Bernard,yoongi.bernard@cth-store.com,pass123,SUPPORT_AGENT,,
33,Susie Laine,susie.laine@cth-store.com,pass123,SUPPORT_AGENT,,
34,Sandra Poutanen,sandra.poutanen@cth-store.com,pass123,AUDITOR,,
35,Taehyung Koskinen,taehyung.koskinen@cth-store.com,pass123,AUDITOR,,
36,Austin Leclair,austin.leclair@cth-store.com,pass123,AUDITOR,,
37,Barbara Nanook,barbara.nanook@cth-store.com,pass123,AUDITOR,,
38,Suzuka Larsson,suzuka.larsson@cth-store.com,pass123,AUDITOR,,
39,Philip Sato,philip.sato@cth-store.com,pass123,AUDITOR,,
40,Morgan Tucciarone,morgan.tucciarone@cth-store.com,pass123,AUDITOR,,
41,Lucy Matlock,lucy.m@gmail.com,pass123,CUSTOMER,+44 20 7946 0018,"221B Baker St, London, NW1 6XE, UK"
42,Keanu Peltonen,keanu.p@yahoo.com,pass123,CUSTOMER,+358 9 123 4567,"Mannerheimintie 15, 00100 Helsinki, Finland"
43,Brian Desjardins,brian.d@hotmail.com,pass123,CUSTOMER,+1 514-555-0199,"1010 Rue Catherine, Montreal, QC H3B 1E7, Canada"
44,Tom Salonen,tom.s@gmail.com,pass123,CUSTOMER,+358 40 555 1234,"Aleksanterinkatu 52, 00100 Helsinki, Finland"
45,Jason Saviadjuk,jason.s@protonmail.com,pass123,CUSTOMER,+1 867-555-0102,"123 Arctic Circle, Iqaluit, NU X0A 0H0, Canada"
46,Alice Tremblay,alice.t@gmail.com,pass123,CUSTOMER,+33 1 42 68 53 00,"10 Rue de la Paix, 75002 Paris, France"
47,Sunisa Aaltonen,sunisa.a@gmail.com,pass123,CUSTOMER,+358 50 987 6543,"Hämeenkatu 10, 33100 Tampere, Finland"
48,Sydney Takakura,sydney.t@gmail.com,pass123,CUSTOMER,+81 3-3432-4111,"1-2-3 Shiba Koen, Minato-ku, Tokyo 105-0011, Japan"
49,Marcus Anagonye,marcus.a@yahoo.com,pass123,CUSTOMER,+1 212-555-0177,"450 W 33rd St, New York, NY 10001, USA"
50,Nikki Nadir,nikki.n@hotmail.com,pass123,CUSTOMER,+1 310-555-0144,"10880 Wilshire Blvd, Los Angeles, CA 90024, USA"
51,Ozzie Edison,ozzie.e@protonmail.com,pass123,CUSTOMER,+1 415-555-0122,"88 Colin P Kelly Jr St, San Francisco, CA 94107, USA"
52,Janine Gorski,janine.g@icloud.com,pass123,CUSTOMER,+1 312-555-0188,"233 S Wacker Dr, Chicago, IL 60606, USA"
53,Gregory Bogdanow,gregory.b@gmail.com,pass123,CUSTOMER,+1 202-555-0155,"1600 Pennsylvania Avenue NW, Washington, DC 20500, USA"
54,Willie Jack Beauchamp,willie.b@me.com,pass123,CUSTOMER,+1 907-555-0133,"716 W 4th Ave, Anchorage, AK 99501, USA"
55,Cheese MacKenzie,cheese.m@gmail.com,pass123,CUSTOMER,+1 602-555-0166,"201 E Washington St, Phoenix, AZ 85004, USA"
56,Momo Henderson,momo.h@yahoo.com,pass123,CUSTOMER,+81 6-6347-1112,"3-1-1 Umeda, Kita-ku, Osaka 530-0001, Japan"
57,Helly Santiago,helly.s@outlook.com,pass123,CUSTOMER,+1 305-555-0111,"2100 NW 42nd Ave, Miami, FL 33142, USA"
58,Irving Jeffords,irving.j@gmail.com,pass123,CUSTOMER,+1 718-555-0199,"335 Adams St, Brooklyn, NY 11201, USA"
59,Capheus Schemmenti,capheus.s@hotmail.com,pass123,CUSTOMER,+254 20 555-0123,"Harambee Ave, Nairobi, Kenya"
60,Lito Howard,lito.h@protonmail.com,pass123,CUSTOMER,+52 55 5555 0100,"Av. Paseo de la Reforma 50, Mexico City, Mexico"
61,Nomi O'Malley,nomi.o@gmail.com,pass123,CUSTOMER,+1 415-555-0133,"Casto St, San Francisco, CA 94114, USA"
62,Wolfgang Karev,wolfgang.k@icloud.com,pass123,CUSTOMER,+49 30 55501234,"Potsdamer Platz 1, 10785 Berlin, Germany"
63,Riley Grey,riley.g@gmail.com,pass123,CUSTOMER,+354 555 1234,"Laugavegur 1, 101 Reykjavík, Iceland"
64,Sun Stevens,sun.s@yahoo.com,pass123,CUSTOMER,+82 2-555-0199,"Sejong-daero, Jung-gu, Seoul, South Korea"
65,Kala Trenneman,kala.t@outlook.com,pass123,CUSTOMER,+91 22 5555 0123,"Marine Drive, Mumbai, Maharashtra 400020, India"
66,Hal Soloman,hal.s@gmail.com,pass123,CUSTOMER,+1 201-555-0188,"1 Journal Square Plaza, Jersey City, NJ 07306, USA"
67,Reese McNeill,reese.m@hotmail.com,pass123,CUSTOMER,+1 360-555-0122,"Main St, Forks, WA 98331, USA"
68,Dewey Sosa,dewey.s@me.com,pass123,CUSTOMER,+1 213-555-0144,"W 7th St, Los Angeles, CA 90017, USA"
69,Lois Simms,lois.s@gmail.com,pass123,CUSTOMER,+1 409-555-0155,"Broadway St, Galveston, TX 77550, USA"
70,Dina Wilkerson,dina.w@yahoo.com,pass123,CUSTOMER,+1 314-555-0166,"Market St, St. Louis, MO 63103, USA"
71,Mateo Perry,mateo.p@gmail.com,pass123,CUSTOMER,+63 2 555 0123,"Ayala Ave, Makati, Metro Manila, Philippines"
72,Cheyenne Winger,cheyenne.w@outlook.com,pass123,CUSTOMER,+1 313-555-0177,"Woodward Ave, Detroit, MI 48226, USA"
73,Jonah Bennett,jonah.b@protonmail.com,pass123,CUSTOMER,+1 206-555-0188,"Pike St, Seattle, WA 98101, USA"
74,Karen Runck,karen.r@icloud.com,pass123,CUSTOMER,+1 412-555-0199,"Forbes Ave, Pittsburgh, PA 15213, USA"
75,Wilson Shellstrop,wilson.s@gmail.com,pass123,CUSTOMER,+1 602-555-0122,"Central Ave, Phoenix, AZ 85003, USA"
76,Eric Mendoza,eric.m@yahoo.com,pass123,CUSTOMER,+1 904-555-0133,"Water St, Jacksonville, FL 32202, USA"
77,Allison Al-Jamil,allison.aj@hotmail.com,pass123,CUSTOMER,+44 161 555 0144,"Deansgate, Manchester M3 3EE, UK"
78,Robert Swanson,robert.s@me.com,pass123,CUSTOMER,+1 317-555-0155,"Monument Circle, Indianapolis, IN 46204, USA"
79,James Knope,james.k@gmail.com,pass123,CUSTOMER,+1 219-555-0166,"Main St, Pawnee, IN 47371, USA"
80,Gregory Ludgate,gregory.l@outlook.com,pass123,CUSTOMER,+1 302-555-0177,"Market St, Wilmington, DE 19801, USA"
81,Pam Dunphy,pam.d@protonmail.com,pass123,CUSTOMER,+1 310-555-0188,"Cheviot Dr, Los Angeles, CA 90064, USA"
82,Jim Pritchett,jim.p@icloud.com,pass123,CUSTOMER,+1 310-555-0199,"Palisades Dr, Pacific Palisades, CA 90272, USA"
83,Ryan Delgado,ryan.d@gmail.com,pass123,CUSTOMER,+1 212-555-0122,"Spring St, New York, NY 10012, USA"
84,Kelly Tucker,kelly.t@yahoo.com,pass123,CUSTOMER,+1 816-555-0133,"Main St, Kansas City, MO 64111, USA"
85,Jung Schrute,jung.s@hotmail.com,pass123,CUSTOMER,+1 570-555-0144,"Slutter Ave, Scranton, PA 18505, USA"
86,Janet Halpert,janet.h@me.com,pass123,CUSTOMER,+1 570-555-0155,"Linden St, Scranton, PA 18503, USA"
87,Appa Beesly,appa.b@gmail.com,pass123,CUSTOMER,+1 570-555-0166,"Adams Ave, Scranton, PA 18503, USA"
88,Gloria Scott,gloria.s@outlook.com,pass123,CUSTOMER,+1 212-555-0177,"W 57th St, New York, NY 10019, USA"
89,Mitchell Kapoor,mitchell.k@protonmail.com,pass123,CUSTOMER,+1 212-555-0188,"Park Ave, New York, NY 10022, USA"
90,Cameron Wyatt,cameron.w@icloud.com,pass123,CUSTOMER,+1 212-555-0199,"Lexington Ave, New York, NY 10016, USA"
91,Jay Traeger,jay.t@gmail.com,pass123,CUSTOMER,+1 212-555-0122,"E 42nd St, New York, NY 10017, USA"
92,Claire Haverford,claire.h@yahoo.com,pass123,CUSTOMER,+1 212-555-0133,"Madison Ave, New York, NY 10021, USA"
93,Phil Dwyer,phil.d@hotmail.com,pass123,CUSTOMER,+1 212-555-0144,"5th Ave, New York, NY 10011, USA"
94,Carmy Ayase,carmy.a@me.com,pass123,CUSTOMER,+81 3-5555-0155,"Chuo City, Tokyo 104-0061, Japan"
95,Ebraheim Takakura,ebraheim.t@gmail.com,pass123,CUSTOMER,+81 3-5555-0166,"Bunkyo City, Tokyo 112-0003, Japan"
96,Tina Smallhill,tina.s@outlook.com,pass123,CUSTOMER,+1 312-555-0177,"N Orleans St, Chicago, IL 60654, USA"
97,Richie Danan,richie.d@protonmail.com,pass123,CUSTOMER,+1 312-555-0188,"W Randolph St, Chicago, IL 60606, USA"
98,Leia Elora,leia.e@icloud.com,pass123,CUSTOMER,+1 505-555-0199,"Central Ave NE, Albuquerque, NM 87106, USA"
99,Gwen Robinson,gwen.r@gmail.com,pass123,CUSTOMER,+1 410-555-0122,"E Pratt St, Baltimore, MD 21202, USA"
100,Laszlo Guthrie,laszlo.g@yahoo.com,pass123,CUSTOMER,+1 504-555-0133,"Bourbon St, New Orleans, LA 70130, USA"
101,Guillermo Silver,guillermo.s@hotmail.com,pass123,CUSTOMER,+1 702-555-0144,"Las Vegas Blvd S, Las Vegas, NV 89109, USA"
102,Max Wheeler,max.w@me.com,pass123,CUSTOMER,+1 317-555-0155,"W Washington St, Indianapolis, IN 46204, USA"
103,Billy Byers,billy.b@gmail.com,pass123,CUSTOMER,+1 317-555-0166,"N Meridian St, Indianapolis, IN 46208, USA"
104,Eleanor Sinclair,eleanor.s@outlook.com,pass123,CUSTOMER,+1 404-555-0177,"Peachtree St NE, Atlanta, GA 30303, USA"
105,John Mayfield,john.m@protonmail.com,pass123,CUSTOMER,+1 615-555-0188,"Broadway, Nashville, TN 37203, USA"
106,Eleven Trenneman,eleven.t@icloud.com,pass123,CUSTOMER,+1 503-555-0199,"SW 5th Ave, Portland, OR 97204, USA"
107,Jen Reid,jen.r@gmail.com,pass123,CUSTOMER,+44 20 5555 0122,"Oxford St, London W1D 1BS, UK"
108,Roy Espinosa,roy.e@yahoo.com,pass123,CUSTOMER,+44 20 5555 0133,"Regent St, London W1B 5AH, UK"
109,Carla Hawthorne,carla.h@hotmail.com,pass123,CUSTOMER,+1 305-555-0144,"Collins Ave, Miami Beach, FL 33139, USA"
110,Bob Barnes,bob.b@me.com,pass123,CUSTOMER,+1 202-555-0155,"Constitution Ave NW, Washington, DC 20001, USA"
111,Troy Kelso,troy.k@gmail.com,pass123,CUSTOMER,+1 310-555-0166,"Santa Monica Blvd, Santa Monica, CA 90401, USA"
112,Shirley Reid,shirley.r@outlook.com,pass123,CUSTOMER,+1 415-555-0177,"Lombard St, San Francisco, CA 94133, USA"
113,Pierce Dorian,pierce.d@protonmail.com,pass123,CUSTOMER,+1 617-555-0188,"Boylston St, Boston, MA 02116, USA"
114,Britta Schemmenti,britta.s@icloud.com,pass123,CUSTOMER,+1 215-555-0199,"Market St, Philadelphia, PA 19106, USA"
115,Abed Howard,abed.h@gmail.com,pass123,CUSTOMER,+1 303-555-0122,"16th St Mall, Denver, CO 80202, USA"
116,Annie Teagues,annie.t@yahoo.com,pass123,CUSTOMER,+1 215-555-0133,"Chestnut St, Philadelphia, PA 19106, USA"
117,Jeff Hill,jeff.h@hotmail.com,pass123,CUSTOMER,+1 310-555-0144,"Wilshire Blvd, Los Angeles, CA 90024, USA"
118,Ben Schemmenti,ben.s@me.com,pass123,CUSTOMER,+1 215-555-0155,"Walnut St, Philadelphia, PA 19103, USA"
119,Claire Gorski,claire.g@gmail.com,pass123,CUSTOMER,+1 312-555-0166,"State St, Chicago, IL 60602, USA"
120,Brianna Nadir,brianna.n@outlook.com,pass123,CUSTOMER,+1 312-555-0177,"Michigan Ave, Chicago, IL 60611, USA"
121,Roger Perry,roger.p@protonmail.com,pass123,CUSTOMER,+1 212-555-0188,"Canal St, New York, NY 10013, USA"
122,Jamie Edison,jamie.e@icloud.com,pass123,CUSTOMER,+1 212-555-0199,"Wall St, New York, NY 10005, USA"
123,Harry Knope,harry.k@gmail.com,pass123,CUSTOMER,+1 317-555-0122,"Mass Ave, Indianapolis, IN 46204, USA"
124,Sally Swanson,sally.s@yahoo.com,pass123,CUSTOMER,+1 317-555-0133,"Delaware St, Indianapolis, IN 46204, USA"
125,Tommy Ludgate,tommy.l@hotmail.com,pass123,CUSTOMER,+1 317-555-0144,"Capitol Ave, Indianapolis, IN 46204, USA"
126,Sunisa Heikkinen,sunisa.h@gmail.com,pass123,CUSTOMER,+358 40 123 4567,"Ratakatu 12, 00120 Helsinki, Finland"
127,Barnabus Larsson,barnabus.l@yahoo.com,pass123,CUSTOMER,+46 8 123 45 67,"Drottninggatan 1, 111 51 Stockholm, Sweden"
128,Safiya Kato,safiya.k@gmail.com,pass123,CUSTOMER,+81 75-341-1111,"Higashiyama-ku, Kyoto 605-0001, Japan"
129,Moe Bernard,moe.b@outlook.com,pass123,CUSTOMER,+33 4 72 10 30 30,"Place de la Comédie, 69001 Lyon, France"
130,Taylor Rossi,taylor.r@hotmail.com,pass123,CUSTOMER,+39 06 6976 0123,"Via del Corso, 00186 Rome, Italy"
131,Yoongi Korhonen,yoongi.k@gmail.com,pass123,CUSTOMER,+358 2 123 4567,"Eerikinkatu 15, 20100 Turku, Finland"
132,Susie Aglukkaq,susie.a@me.com,pass123,CUSTOMER,+1 867-555-0199,"P.O. Box 1000, Iqaluit, NU X0A 0H0, Canada"
133,Sandra Laine,sandra.l@gmail.com,pass123,CUSTOMER,+358 3 123 4567,"Hämeenkatu 1, 33100 Tampere, Finland"
134,Taehyung Poutanen,taehyung.p@yahoo.com,pass123,CUSTOMER,+358 9 987 6543,"Bulevardi 2, 00120 Helsinki, Finland"
135,Austin Koskinen,austin.k@gmail.com,pass123,CUSTOMER,+358 8 123 4567,"Kirkkokatu 1, 90100 Oulu, Finland"
136,Barbara Leclair,barbara.l@hotmail.com,pass123,CUSTOMER,+1 418-555-0123,"Grande Allée Est, Québec, QC G1R 2H9, Canada"
137,Suzuka Nanook,suzuka.n@gmail.com,pass123,CUSTOMER,+1 867-555-0188,"General Delivery, Pangnirtung, NU X0A 0R0, Canada"
138,Philip Larsson,philip.l@outlook.com,pass123,CUSTOMER,+46 31 123 45 67,"Avenyn 1, 411 36 Gothenburg, Sweden"
139,Morgan Sato,morgan.s@me.com,pass123,CUSTOMER,+81 45-221-2121,"Naka-ku, Yokohama 231-0001, Japan"
140,Uyen Tucciarone,uyen.t@gmail.com,pass123,CUSTOMER,+1 212-555-0155,"W 4th St, New York, NY 10012, USA"
141,Steve Peltonen,steve.p@yahoo.com,pass123,CUSTOMER,+358 9 555 1234,"Mannerheimintie 1, 00100 Helsinki, Finland"
142,Ava Desjardins,ava.d@gmail.com,pass123,CUSTOMER,+1 613-555-0123,"Rideau St, Ottawa, ON K1N 5X8, Canada"
143,Eddie Salonen,eddie.s@hotmail.com,pass123,CUSTOMER,+358 40 111 2222,"Keskuskatu 1, 00100 Helsinki, Finland"
144,Susie Saviadjuk,susie.s@me.com,pass123,CUSTOMER,+1 867-555-3333,"Federal Rd, Iqaluit, NU X0A 0H0, Canada"
145,Suranne Tremblay,suranne.t@gmail.com,pass123,CUSTOMER,+1 418-555-4444,"Rue Saint-Jean, Québec, QC G1R 1P5, Canada"
146,Wucy Aaltonen,wucy.a@outlook.com,pass123,CUSTOMER,+358 9 444 5555,"Unioninkatu 1, 00130 Helsinki, Finland"
147,Ashra Takakura,ashra.t@gmail.com,pass123,CUSTOMER,+81 3-5555-7777,"Shinjuku-ku, Tokyo 160-0022, Japan"
148,Sujin Anagonye,sujin.a@yahoo.com,pass123,CUSTOMER,+1 212-555-8888,"E 14th St, New York, NY 10003, USA"
149,Austin Nadir,austin.n@gmail.com,pass123,CUSTOMER,+1 212-555-9999,"W 23rd St, New York, NY 10011, USA"
150,Safiya Edison,safiya.e@hotmail.com,pass123,CUSTOMER,+1 415-555-0000,"Market St, San Francisco, CA 94103, USA"
151,Sugar Virtanen,sugar.v@protonmail.com,pass123,CUSTOMER,+358 50 123 0001,"Espoonkatu 4, 02100 Espoo, Finland"
152,Bear Okpik,bear.o@gmail.com,pass123,CUSTOMER,+1 867-555-1122,"Arctic Rd, Inuvik, NT X0E 0T0, Canada"
153,Elora Lefebvre,elora.l@yahoo.com,pass123,CUSTOMER,+33 5 55 12 34 56,"Place de la Bourse, 33000 Bordeaux, France"
154,Nadja Ituarte,nadja.i@icloud.com,pass123,CUSTOMER,+34 913 123 456,"Calle Mayor, 28013 Madrid, Spain"
155,Guillermo Dubois,guillermo.d@gmail.com,pass123,CUSTOMER,+33 4 91 12 34 56,"La Canebière, 13001 Marseille, France"
156,Colin Nieminen,colin.n@hotmail.com,pass123,CUSTOMER,+358 9 666 7777,"Tehtaankatu 1, 00140 Helsinki, Finland"
157,Mike Rossi,mike.r@me.com,pass123,CUSTOMER,+39 02 1234 5678,"Via Dante, 20121 Milan, Italy"
158,Robin Korhonen,robin.k@outlook.com,pass123,CUSTOMER,+358 2 999 0000,"Linnankatu 1, 20100 Turku, Finland"
159,Amy Bernard,amy.b@gmail.com,pass123,CUSTOMER,+33 3 20 12 34 56,"Grand Place, 59800 Lille, France"
160,Charles Laine,charles.l@yahoo.com,pass123,CUSTOMER,+358 3 888 7777,"Satakunnankatu 1, 33100 Tampere, Finland"
161,Meredith Poutanen,meredith.p@hotmail.com,pass123,CUSTOMER,+358 9 222 3333,"Eteläesplanadi 1, 00130 Helsinki, Finland"
162,Alex Leclair,alex.l@protonmail.com,pass123,CUSTOMER,+1 418-555-5555,"Boulevard Laurier, Québec, QC G1V 2M2, Canada"
163,George Koskinen,george.k@icloud.com,pass123,CUSTOMER,+358 8 444 3333,"Isokatu 1, 90100 Oulu, Finland"
164,Moss Nanook,moss.n@gmail.com,pass123,CUSTOMER,+1 867-555-6666,"Baffin St, Arctic Bay, NU X0A 0A0, Canada"
165,Malcolm Saviadjuk,malcolm.s@yahoo.com,pass123,CUSTOMER,+1 867-555-7777,"Main St, Arviat, NU X0C 0E0, Canada"
166,Riley Larsson,riley.l@outlook.com,pass123,CUSTOMER,+46 8 555 4444,"Hamngatan 1, 111 47 Stockholm, Sweden"
167,Nomi Sato,nomi.s@gmail.com,pass123,CUSTOMER,+81 3-5555-1111,"Ginza, Chuo City, Tokyo 104-0061, Japan"
168,Wolfgang Tucciarone,wolfgang.t@hotmail.com,pass123,CUSTOMER,+1 212-555-2222,"W 14th St, New York, NY 10011, USA"
169,Jamie Tremblay,jamie.t@me.com,pass123,CUSTOMER,+1 514-555-3333,"Rue Sherbrooke, Montreal, QC H3A 1G1, Canada"
170,Roger Aaltonen,roger.a@gmail.com,pass123,CUSTOMER,+358 9 777 8888,"Korkeavuorenkatu 1, 00130 Helsinki, Finland"
171,Helly Angotiguluk,helly.a@yahoo.com,pass123,CUSTOMER,+1 867-555-8888,"Igloolik, NU X0A 0L0, Canada"
172,Dylan Takakura,dylan.t@outlook.com,pass123,CUSTOMER,+81 6-5555-9999,"Namba, Chuo Ward, Osaka 542-0076, Japan"
173,Sally Anagonye,sally.a@gmail.com,pass123,CUSTOMER,+1 312-555-1111,"Michigan Ave, Chicago, IL 60611, USA"
174,Jonah Nadir,jonah.n@hotmail.com,pass123,CUSTOMER,+1 310-555-2222,"Sunset Blvd, Los Angeles, CA 90028, USA"
175,Garrett Edison,garrett.e@protonmail.com,pass123,CUSTOMER,+1 415-555-3333,"California St, San Francisco, CA 94104, USA"
176,Matt Gorski,matt.g@icloud.com,pass123,CUSTOMER,+1 312-555-4444,"Wacker Dr, Chicago, IL 60601, USA"
177,Foggy Bogdanow,foggy.b@gmail.com,pass123,CUSTOMER,+1 202-555-5555,"K St NW, Washington, DC 20006, USA"
178,Frank Beauchamp,frank.b@yahoo.com,pass123,CUSTOMER,+1 907-555-6666,"E Northern Lights Blvd, Anchorage, AK 99503, USA"
179,Lisa MacKenzie,lisa.m@outlook.com,pass123,CUSTOMER,+1 602-555-7777,"N Central Ave, Phoenix, AZ 85004, USA"
180,Dwight Henderson,dwight.h@gmail.com,pass123,CUSTOMER,+81 52-555-8888,"Nakamura Ward, Nagoya, Aichi 450-0002, Japan"
181,Ryan Santiago,ryan.s@hotmail.com,pass123,CUSTOMER,+1 305-555-9999,"Biscayne Blvd, Miami, FL 33132, USA"
182,Umma Jeffords,umma.j@me.com,pass123,CUSTOMER,+1 718-555-1111,"Flatbush Ave, Brooklyn, NY 11217, USA"
183,Haley Schemmenti,haley.s@gmail.com,pass123,CUSTOMER,+1 215-555-2222,"S Broad St, Philadelphia, PA 19107, USA"
184,Manny Howard,manny.h@yahoo.com,pass123,CUSTOMER,+1 303-555-3333,"Colfax Ave, Denver, CO 80203, USA"
185,Abed Makinen,abed.m@outlook.com,pass123,CUSTOMER,+358 9 555 4444,"Bulevardi 1, 00120 Helsinki, Finland"
186,Troy Virtanen,troy.v@gmail.com,pass123,CUSTOMER,+358 40 555 5555,"Hämeenkatu 1, 33100 Tampere, Finland"
187,Annie Lefebvre,annie.l@hotmail.com,pass123,CUSTOMER,+33 1 55 55 66 66,"Avenue des Champs-Élysées, 75008 Paris, France"
188,Pierce Okpik,pierce.o@me.com,pass123,CUSTOMER,+1 867-555-7777,"P.O. Box 100, Iqaluit, NU X0A 0H0, Canada"
189,Britta Ituarte,britta.i@gmail.com,pass123,CUSTOMER,+1 213-555-8888,"W Olympic Blvd, Los Angeles, CA 90015, USA"
190,Jeff O'Malley,jeff.o@yahoo.com,pass123,CUSTOMER,+1 415-555-9999,"Montgomery St, San Francisco, CA 94104, USA"