id,order_id,variant_id,quantity,price_at_purchase,,,,,,,,,,,,,,,,,,,,,
5000,1000,1379,3,38.99,,,,,,,,,,,,,,,,,,,,,
5001,1000,1044,1,20.32,,,,,,,,,,,,,,,,,,,,,
5002,1000,1302,4,43.65,,,,,,,,,,,,,,,,,,,,,
5003,1001,1047,1,24.32,,,,,,,,,,,,,,,,,,,,,
5004,1002,1258,1,75.65,,,,,,,,,,,,,,,,,,,,,
5005,1003,1101,1,24.65,,,,,,,,,,,,,,,,,,,,,
5006,1003,1366,5,45.32,,,,,,,,,,,,,,,,,,,,,
5007,1003,1214,1,25.99,,,,,,,,,,,,,,,,,,,,,
5008,1004,1301,3,75.84,,,,,,,,,,,,,,,,,,,,,
5009,1004,1414,1,32.84,,,,,,,,,,,,,,,,,,,,,
5010,1005,1216,1,25.99,,,,,,,,,,,,,,,,,,,,,
5011,1005,1174,1,25.84,,,,,,,,,,,,,,,,,,,,,
5012,1005,1142,1,24.49,,,,,,,,,,,,,,,,,,,,,
5013,1006,1390,3,45.65,,,,,,,,,,,,,,,,,,,,,
5014,1007,1194,1,4200,,,,,,,,,,,,,,,,,,,,,
5015,1008,1433,3,21.65,,,,,,,,,,,,,,,,,,,,,
5016,1008,1309,3,55.95,,,,,,,,,,,,,,,,,,,,,
5017,1009,1235,1,54.32,,,,,,,,,,,,,,,,,,,,,
5018,1009,1274,1,54.99,,,,,,,,,,,,,,,,,,,,,
5019,1009,1063,1,28.74,,,,,,,,,,,,,,,,,,,,,
5020,1010,1282,1,54.65,,,,,,,,,,,,,,,,,,,,,
5021,1011,1316,3,48.84,,,,,,,,,,,,,,,,,,,,,
5022,1011,1295,1,56.49,,,,,,,,,,,,,,,,,,,,,
5023,1011,1098,1,26.32,,,,,,,,,,,,,,,,,,,,,
5024,1012,1338,2,64.65,,,,,,,,,,,,,,,,,,,,,
5025,1013,1437,2,15.74,,,,,,,,,,,,,,,,,,,,,
5026,1014,1142,1,26.95,,,,,,,,,,,,,,,,,,,,,
5027,1014,1232,1,27.99,,,,,,,,,,,,,,,,,,,,,
5028,1015,1189,1,4200,,,,,,,,,,,,,,,,,,,,,
5029,1016,1343,3,64.74,,,,,,,,,,,,,,,,,,,,,
5030,1017,1325,2,48.74,,,,,,,,,,,,,,,,,,,,,
5031,1017,1273,1,55.84,,,,,,,,,,,,,,,,,,,,,
5032,1017,1373,2,49.84,,,,,,,,,,,,,,,,,,,,,
5033,1018,1194,1,28.49,,,,,,,,,,,,,,,,,,,,,
5034,1018,1138,1,26.65,,,,,,,,,,,,,,,,,,,,,
5035,1019,1350,3,50.95,,,,,,,,,,,,,,,,,,,,,
5036,1020,1420,1,62.49,,,,,,,,,,,,,,,,,,,,,
5037,1021,1137,1,24.49,,,,,,,,,,,,,,,,,,,,,
5038,1021,1033,1,24.32,,,,,,,,,,,,,,,,,,,,,
5039,1022,1448,3,18.99,,,,,,,,,,,,,,,,,,,,,
5040,1022,1108,1,27.84,,,,,,,,,,,,,,,,,,,,,
5041,1022,1335,4,64.95,,,,,,,,,,,,,,,,,,,,,
5042,1023,1234,1,54.74,,,,,,,,,,,,,,,,,,,,,
5043,1023,1073,1,28.99,,,,,,,,,,,,,,,,,,,,,
5044,1023,1135,1,26.32,,,,,,,,,,,,,,,,,,,,,
5045,1024,1381,5,49.95,,,,,,,,,,,,,,,,,,,,,
5046,1025,1382,5,49.65,,,,,,,,,,,,,,,,,,,,,
5047,1025,1219,1,28.99,,,,,,,,,,,,,,,,,,,,,
5048,1026,1185,1,28.99,,,,,,,,,,,,,,,,,,,,,
5049,1026,1112,1,27.65,,,,,,,,,,,,,,,,,,,,,
5050,1027,1252,1,55.49,,,,,,,,,,,,,,,,,,,,,
5051,1027,1046,1,26.32,,,,,,,,,,,,,,,,,,,,,
5052,1027,1386,1,49.49,,,,,,,,,,,,,,,,,,,,,
5053,1028,1321,2,48.65,,,,,,,,,,,,,,,,,,,,,
5054,1029,1032,1,26.89,,,,,,,,,,,,,,,,,,,,,
5055,1029,1197,1,28.74,,,,,,,,,,,,,,,,,,,,,
5056,1029,1195,1,28.65,,,,,,,,,,,,,,,,,,,,,
5057,1030,1128,1,27.65,,,,,,,,,,,,,,,,,,,,,
5058,1030,1283,1,54.49,,,,,,,,,,,,,,,,,,,,,
5059,1030,1440,1,22.65,,,,,,,,,,,,,,,,,,,,,
5060,1031,1453,5,6.65,,,,,,,,,,,,,,,,,,,,,
5061,1031,1384,3,49.49,,,,,,,,,,,,,,,,,,,,,
5062,1031,1393,3,49.65,,,,,,,,,,,,,,,,,,,,,
5063,1032,1222,1,28.99,,,,,,,,,,,,,,,,,,,,,
5064,1032,1080,1,28.84,,,,,,,,,,,,,,,,,,,,,
5065,1033,1369,3,49.49,,,,,,,,,,,,,,,,,,,,,
5066,1034,1259,1,55.89,,,,,,,,,,,,,,,,,,,,,
5067,1035,1152,1,26.99,,,,,,,,,,,,,,,,,,,,,
5068,1035,1430,5,75.99,,,,,,,,,,,,,,,,,,,,,
5069,1035,1311,2,55.84,,,,,,,,,,,,,,,,,,,,,
5070,1036,1390,2,38.49,,,,,,,,,,,,,,,,,,,,,
5071,1036,1276,1,41.84,,,,,,,,,,,,,,,,,,,,,
5072,1037,1306,3,55.74,,,,,,,,,,,,,,,,,,,,,
5073,1038,1057,1,28.49,,,,,,,,,,,,,,,,,,,,,
5074,1039,1122,1,27.32,,,,,,,,,,,,,,,,,,,,,
5075,1039,1029,1,26.95,,,,,,,,,,,,,,,,,,,,,
5076,1040,1040,1,26.65,,,,,,,,,,,,,,,,,,,,,
5077,1040,1043,1,26.32,,,,,,,,,,,,,,,,,,,,,
5078,1040,1374,4,49.84,,,,,,,,,,,,,,,,,,,,,
5079,1041,1392,2,49.32,,,,,,,,,,,,,,,,,,,,,
5080,1041,1065,1,28.95,,,,,,,,,,,,,,,,,,,,,
5081,1041,1337,4,64.99,,,,,,,,,,,,,,,,,,,,,
5082,1042,1135,1,26.32,,,,,,,,,,,,,,,,,,,,,
5083,1043,1216,1,28.95,,,,,,,,,,,,,,,,,,,,,
5084,1043,1108,1,27.84,,,,,,,,,,,,,,,,,,,,,
5085,1043,1475,5,36.95,,,,,,,,,,,,,,,,,,,,,
5086,1044,1159,1,27.95,,,,,,,,,,,,,,,,,,,,,
5087,1044,1204,1,26.89,,,,,,,,,,,,,,,,,,,,,
5088,1044,1343,3,64.74,,,,,,,,,,,,,,,,,,,,,
5089,1045,1231,1,27.84,,,,,,,,,,,,,,,,,,,,,
5090,1045,1061,1,28.95,,,,,,,,,,,,,,,,,,,,,
5091,1045,1126,1,27.89,,,,,,,,,,,,,,,,,,,,,
5092,1046,1173,1,28.95,,,,,,,,,,,,,,,,,,,,,
5093,1047,1283,1,54.49,,,,,,,,,,,,,,,,,,,,,
5094,1047,1117,1,27.89,,,,,,,,,,,,,,,,,,,,,
5095,1047,1301,2,56.32,,,,,,,,,,,,,,,,,,,,,
5096,1048,1362,1,67.49,,,,,,,,,,,,,,,,,,,,,
5097,1049,1463,1,4.89,,,,,,,,,,,,,,,,,,,,,
5098,1050,1263,1,55.65,,,,,,,,,,,,,,,,,,,,,
5099,1051,1342,4,64.74,,,,,,,,,,,,,,,,,,,,,
5100,1051,1109,1,27.32,,,,,,,,,,,,,,,,,,,,,
5101,1052,1370,5,49.49,,,,,,,,,,,,,,,,,,,,,
5102,1053,1124,1,4100,,,,,,,,,,,,,,,,,,,,,
5103,1053,1401,4,7400,,,,,,,,,,,,,,,,,,,,,
5104,1054,1048,1,3950,,,,,,,,,,,,,,,,,,,,,
5105,1055,1220,1,28.95,,,,,,,,,,,,,,,,,,,,,
5106,1055,1181,1,28.89,,,,,,,,,,,,,,,,,,,,,
5107,1055,1216,1,28.95,,,,,,,,,,,,,,,,,,,,,
5108,1056,1442,1,17.95,,,,,,,,,,,,,,,,,,,,,
5109,1056,1344,1,50.84,,,,,,,,,,,,,,,,,,,,,
5110,1057,1372,3,49.89,,,,,,,,,,,,,,,,,,,,,
5111,1057,1409,1,22.84,,,,,,,,,,,,,,,,,,,,,
5112,1058,1097,1,26.49,,,,,,,,,,,,,,,,,,,,,
5113,1059,1071,1,28.74,,,,,,,,,,,,,,,,,,,,,
5114,1059,1216,1,28.95,,,,,,,,,,,,,,,,,,,,,
5115,1060,1236,1,54.65,,,,,,,,,,,,,,,,,,,,,
5116,1060,1127,1,27.32,,,,,,,,,,,,,,,,,,,,,
5117,1061,1413,5,23.74,,,,,,,,,,,,,,,,,,,,,
5118,1061,1050,1,26.49,,,,,,,,,,,,,,,,,,,,,
5119,1062,1276,1,54.89,,,,,,,,,,,,,,,,,,,,,
5120,1062,1428,1,48.99,,,,,,,,,,,,,,,,,,,,,
5121,1062,1047,1,26.89,,,,,,,,,,,,,,,,,,,,,
5122,1063,1208,1,26.49,,,,,,,,,,,,,,,,,,,,,
5123,1064,1109,1,27.32,,,,,,,,,,,,,,,,,,,,,
5124,1064,1442,4,17.95,,,,,,,,,,,,,,,,,,,,,
5125,1065,1194,1,28.49,,,,,,,,,,,,,,,,,,,,,
5126,1066,1135,1,20.65,,,,,,,,,,,,,,,,,,,,,
5127,1066,1474,4,18.65,,,,,,,,,,,,,,,,,,,,,
5128,1067,1356,5,51.74,,,,,,,,,,,,,,,,,,,,,
5129,1067,1338,4,49.89,,,,,,,,,,,,,,,,,,,,,
5130,1068,1151,1,26.89,,,,,,,,,,,,,,,,,,,,,
5131,1069,1296,1,56.95,,,,,,,,,,,,,,,,,,,,,
5132,1070,1382,3,49.65,,,,,,,,,,,,,,,,,,,,,
5133,1071,1299,1,56.65,,,,,,,,,,,,,,,,,,,,,
5134,1072,1470,5,8.95,,,,,,,,,,,,,,,,,,,,,
5135,1072,1080,1,28.84,,,,,,,,,,,,,,,,,,,,,
5136,1072,1029,1,26.95,,,,,,,,,,,,,,,,,,,,,
5137,1073,1435,2,17.65,,,,,,,,,,,,,,,,,,,,,
5138,1074,1034,1,26.84,,,,,,,,,,,,,,,,,,,,,
5139,1074,1345,2,50.95,,,,,,,,,,,,,,,,,,,,,
5140,1074,1206,1,26.49,,,,,,,,,,,,,,,,,,,,,
5141,1075,1126,1,27.89,,,,,,,,,,,,,,,,,,,,,
5142,1075,1296,1,56.95,,,,,,,,,,,,,,,,,,,,,
5143,1075,1304,1,55.95,,,,,,,,,,,,,,,,,,,,,
5144,1076,1336,5,64.89,,,,,,,,,,,,,,,,,,,,,
5145,1076,1289,1,54.95,,,,,,,,,,,,,,,,,,,,,
5146,1077,1478,3,34.32,,,,,,,,,,,,,,,,,,,,,
5147,1077,1104,1,27.89,,,,,,,,,,,,,,,,,,,,,
5148,1078,1135,1,26.32,,,,,,,,,,,,,,,,,,,,,
5149,1079,1343,3,64.74,,,,,,,,,,,,,,,,,,,,,
5150,1080,1475,1,36.95,,,,,,,,,,,,,,,,,,,,,
5151,1080,1004,1,16.32,,,,,,,,,,,,,,,,,,,,,
5152,1081,1288,1,54.49,,,,,,,,,,,,,,,,,,,,,
5153,1081,1051,1,26.84,,,,,,,,,,,,,,,,,,,,,
5154,1081,1037,1,26.65,,,,,,,,,,,,,,,,,,,,,
5155,1082,1259,1,55.89,,,,,,,,,,,,,,,,,,,,,
5156,1083,1477,3,22.84,,,,,,,,,,,,,,,,,,,,,
5157,1084,1189,1,28.49,,,,,,,,,,,,,,,,,,,,,
5158,1085,1224,1,24.95,,,,,,,,,,,,,,,,,,,,,
5159,1085,1154,1,24.89,,,,,,,,,,,,,,,,,,,,,
5160,1085,1313,5,50.65,,,,,,,,,,,,,,,,,,,,,
5161,1086,1004,1,250,,,,,,,,,,,,,,,,,,,,,
5162,1087,1477,1,3400,,,,,,,,,,,,,,,,,,,,,
5163,1087,1480,2,3500,,,,,,,,,,,,,,,,,,,,,
5164,1088,1455,1,5.49,,,,,,,,,,,,,,,,,,,,,
5165,1089,1139,1,26.74,,,,,,,,,,,,,,,,,,,,,
5166,1090,1107,1,25.32,,,,,,,,,,,,,,,,,,,,,
5167,1090,1367,3,45.32,,,,,,,,,,,,,,,,,,,,,
5168,1090,1104,1,25.32,,,,,,,,,,,,,,,,,,,,,
5169,1091,1250,1,74.89,,,,,,,,,,,,,,,,,,,,,
5170,1091,1128,1,37.74,,,,,,,,,,,,,,,,,,,,,
5171,1091,1463,1,5.74,,,,,,,,,,,,,,,,,,,,,
5172,1092,1216,1,25.99,,,,,,,,,,,,,,,,,,,,,
5173,1092,1424,3,69.79,,,,,,,,,,,,,,,,,,,,,
5174,1092,1022,1,31.89,,,,,,,,,,,,,,,,,,,,,
5175,1093,1394,2,45.65,,,,,,,,,,,,,,,,,,,,,
5176,1093,1326,3,44.49,,,,,,,,,,,,,,,,,,,,,
5177,1094,1226,1,24.95,,,,,,,,,,,,,,,,,,,,,
5178,1094,1282,1,49.95,,,,,,,,,,,,,,,,,,,,,
5179,1094,1361,4,61.89,,,,,,,,,,,,,,,,,,,,,
5180,1095,1057,1,38.74,,,,,,,,,,,,,,,,,,,,,
5181,1096,1462,2,5.49,,,,,,,,,,,,,,,,,,,,,
5182,1096,1279,1,73.89,,,,,,,,,,,,,,,,,,,,,
5183,1096,1018,1,39.95,,,,,,,,,,,,,,,,,,,,,
5184,1097,1282,1,200,,,,,,,,,,,,,,,,,,,,,
5185,1098,1075,1,4200,,,,,,,,,,,,,,,,,,,,,
5186,1098,1220,1,4200,,,,,,,,,,,,,,,,,,,,,
5187,1099,1157,1,27.89,,,,,,,,,,,,,,,,,,,,,
5188,1100,1460,3,3.49,,,,,,,,,,,,,,,,,,,,,
5189,1101,1127,1,37.95,,,,,,,,,,,,,,,,,,,,,
5190,1101,1341,1,87.65,,,,,,,,,,,,,,,,,,,,,
5191,1101,1181,1,37.49,,,,,,,,,,,,,,,,,,,,,
5192,1102,1317,2,44.49,,,,,,,,,,,,,,,,,,,,,
5193,1102,1473,2,19.84,,,,,,,,,,,,,,,,,,,,,
5194,1103,1451,4,21.99,,,,,,,,,,,,,,,,,,,,,
5195,1104,1377,3,67.89,,,,,,,,,,,,,,,,,,,,,
5196,1105,1442,2,15.99,,,,,,,,,,,,,,,,,,,,,
5197,1105,1136,1,24.49,,,,,,,,,,,,,,,,,,,,,
5198,1105,1081,1,25.84,,,,,,,,,,,,,,,,,,,,,
5199,1106,1446,1,2700,,,,,,,,,,,,,,,,,,,,,
5200,1106,1439,4,2750,,,,,,,,,,,,,,,,,,,,,
5201,1107,1418,4,75.74,,,,,,,,,,,,,,,,,,,,,
5202,1108,1420,2,62.49,,,,,,,,,,,,,,,,,,,,,
5203,1108,1114,1,27.84,,,,,,,,,,,,,,,,,,,,,
5204,1109,1098,1,26.32,,,,,,,,,,,,,,,,,,,,,
5205,1109,1204,1,26.89,,,,,,,,,,,,,,,,,,,,,
5206,1109,1168,1,28.95,,,,,,,,,,,,,,,,,,,,,
5207,1110,1395,3,45.65,,,,,,,,,,,,,,,,,,,,,
5208,1111,1260,1,75.49,,,,,,,,,,,,,,,,,,,,,
5209,1111,1204,1,35.32,,,,,,,,,,,,,,,,,,,,,
5210,1111,1347,5,67.32,,,,,,,,,,,,,,,,,,,,,
5211,1112,1059,1,25.99,,,,,,,,,,,,,,,,,,,,,
5212,1113,1297,1,56.49,,,,,,,,,,,,,,,,,,,,,
5213,1114,1055,1,25.99,,,,,,,,,,,,,,,,,,,,,
5214,1115,1373,3,45.32,,,,,,,,,,,,,,,,,,,,,
5215,1115,1223,1,25.99,,,,,,,,,,,,,,,,,,,,,
5216,1116,1197,1,28.74,,,,,,,,,,,,,,,,,,,,,
5217,1117,1130,1,25.32,,,,,,,,,,,,,,,,,,,,,
5218,1118,1223,1,25.99,,,,,,,,,,,,,,,,,,,,,
5219,1118,1000,1,14.99,,,,,,,,,,,,,,,,,,,,,
5220,1118,1266,1,50.95,,,,,,,,,,,,,,,,,,,,,
5221,1119,1368,2,45.32,,,,,,,,,,,,,,,,,,,,,
5222,1119,1186,1,25.84,,,,,,,,,,,,,,,,,,,,,
5223,1119,1220,1,25.99,,,,,,,,,,,,,,,,,,,,,
5224,1120,1471,3,3.89,,,,,,,,,,,,,,,,,,,,,
5225,1120,1319,3,44.49,,,,,,,,,,,,,,,,,,,,,
5226,1120,1339,1,59.32,,,,,,,,,,,,,,,,,,,,,
5227,1121,1158,1,36.95,,,,,,,,,,,,,,,,,,,,,
5228,1121,1341,4,87.65,,,,,,,,,,,,,,,,,,,,,
5229,1121,1167,1,37.74,,,,,,,,,,,,,,,,,,,,,
5230,1122,1151,1,24.49,,,,,,,,,,,,,,,,,,,,,
5231,1122,1283,1,49.95,,,,,,,,,,,,,,,,,,,,,
5232,1122,1065,1,25.84,,,,,,,,,,,,,,,,,,,,,
5233,1123,1340,4,87.65,,,,,,,,,,,,,,,,,,,,,
5234,1123,1346,2,67.89,,,,,,,,,,,,,,,,,,,,,
5235,1124,1207,1,35.95,,,,,,,,,,,,,,,,,,,,,
5236,1124,1280,1,73.95,,,,,,,,,,,,,,,,,,,,,
5237,1125,1146,1,200,,,,,,,,,,,,,,,,,,,,,
5238,1125,1107,1,200,,,,,,,,,,,,,,,,,,,,,
5239,1126,1310,3,8200,,,,,,,,,,,,,,,,,,,,,
5240,1126,1238,1,8100,,,,,,,,,,,,,,,,,,,,,
5241,1126,1226,1,4050,,,,,,,,,,,,,,,,,,,,,
5242,1127,1109,1,27.32,,,,,,,,,,,,,,,,,,,,,
5243,1127,1261,1,55.32,,,,,,,,,,,,,,,,,,,,,
5244,1127,1242,1,54.65,,,,,,,,,,,,,,,,,,,,,
5245,1128,1043,1,35.89,,,,,,,,,,,,,,,,,,,,,
5246,1128,1145,1,36.84,,,,,,,,,,,,,,,,,,,,,
5247,1128,1263,1,75.84,,,,,,,,,,,,,,,,,,,,,
5248,1129,1419,2,45.65,,,,,,,,,,,,,,,,,,,,,
5249,1130,1412,2,29.65,,,,,,,,,,,,,,,,,,,,,
5250,1131,1023,1,4850,,,,,,,,,,,,,,,,,,,,,
5251,1132,1312,1,55.74,,,,,,,,,,,,,,,,,,,,,
5252,1132,1233,1,27.65,,,,,,,,,,,,,,,,,,,,,
5253,1133,1294,1,56.74,,,,,,,,,,,,,,,,,,,,,
5254,1133,1099,1,26.74,,,,,,,,,,,,,,,,,,,,,
5255,1133,1367,4,49.49,,,,,,,,,,,,,,,,,,,,,
5256,1134,1124,1,27.32,,,,,,,,,,,,,,,,,,,,,
5257,1134,1075,1,28.65,,,,,,,,,,,,,,,,,,,,,
5258,1135,1398,4,49.95,,,,,,,,,,,,,,,,,,,,,
5259,1136,1411,5,21.65,,,,,,,,,,,,,,,,,,,,,
5260,1137,1285,1,54.32,,,,,,,,,,,,,,,,,,,,,
5261,1138,1233,1,4050,,,,,,,,,,,,,,,,,,,,,
5262,1139,1341,5,9600,,,,,,,,,,,,,,,,,,,,,
5263,1139,1286,1,8100,,,,,,,,,,,,,,,,,,,,,
5264,1140,1313,5,55.95,,,,,,,,,,,,,,,,,,,,,
5265,1140,1218,1,28.49,,,,,,,,,,,,,,,,,,,,,
5266,1141,1459,2,4.84,,,,,,,,,,,,,,,,,,,,,
5267,1141,1380,4,49.74,,,,,,,,,,,,,,,,,,,,,
5268,1142,1384,2,49.49,,,,,,,,,,,,,,,,,,,,,
5269,1142,1430,3,75.99,,,,,,,,,,,,,,,,,,,,,
5270,1143,1320,2,48.74,,,,,,,,,,,,,,,,,,,,,
5271,1143,1140,1,26.74,,,,,,,,,,,,,,,,,,,,,
5272,1144,1365,3,45.32,,,,,,,,,,,,,,,,,,,,,
5273,1145,1171,1,25.84,,,,,,,,,,,,,,,,,,,,,
5274,1145,1163,1,24.89,,,,,,,,,,,,,,,,,,,,,
5275,1146,1070,1,25.84,,,,,,,,,,,,,,,,,,,,,
5276,1147,1196,1,38.95,,,,,,,,,,,,,,,,,,,,,
5277,1148,1109,1,27.32,,,,,,,,,,,,,,,,,,,,,
5278,1148,1032,1,26.89,,,,,,,,,,,,,,,,,,,,,
5279,1148,1212,1,26.99,,,,,,,,,,,,,,,,,,,,,
5280,1149,1277,1,54.65,,,,,,,,,,,,,,,,,,,,,
5281,1149,1238,1,54.32,,,,,,,,,,,,,,,,,,,,,
5282,1150,1105,1,21.65,,,,,,,,,,,,,,,,,,,,,
5283,1151,1463,5,3.95,,,,,,,,,,,,,,,,,,,,,
5284,1151,1356,1,61.89,,,,,,,,,,,,,,,,,,,,,
5285,1152,1244,1,74.89,,,,,,,,,,,,,,,,,,,,,
5286,1152,1003,1,21.89,,,,,,,,,,,,,,,,,,,,,
5287,1153,1385,4,45.65,,,,,,,,,,,,,,,,,,,,,
5288,1153,1436,4,19.34,,,,,,,,,,,,,,,,,,,,,
5289,1154,1376,5,67.32,,,,,,,,,,,,,,,,,,,,,
5290,1154,1409,5,30.84,,,,,,,,,,,,,,,,,,,,,
5291,1154,1459,2,5.95,,,,,,,,,,,,,,,,,,,,,
5292,1155,1139,1,24.49,,,,,,,,,,,,,,,,,,,,,
5293,1156,1014,1,44.95,,,,,,,,,,,,,,,,,,,,,
5294,1156,1199,1,25.95,,,,,,,,,,,,,,,,,,,,,
5295,1157,1347,4,7450,,,,,,,,,,,,,,,,,,,,,
5296,1157,1370,2,7350,,,,,,,,,,,,,,,,,,,,,
5297,1157,1430,4,11150,,,,,,,,,,,,,,,,,,,,,
5298,1158,1273,1,55.84,,,,,,,,,,,,,,,,,,,,,
5299,1158,1013,1,27.74,,,,,,,,,,,,,,,,,,,,,
5300,1159,1273,1,55.84,,,,,,,,,,,,,,,,,,,,,
5301,1159,1013,1,27.74,,,,,,,,,,,,,,,,,,,,,
5302,1159,1464,4,3.99,,,,,,,,,,,,,,,,,,,,,
5303,1160,1013,1,27.74,,,,,,,,,,,,,,,,,,,,,
5304,1160,1042,1,26.84,,,,,,,,,,,,,,,,,,,,,
5305,1160,1329,4,48.74,,,,,,,,,,,,,,,,,,,,,
5306,1161,1093,1,28.99,,,,,,,,,,,,,,,,,,,,,
5307,1161,1025,1,26.32,,,,,,,,,,,,,,,,,,,,,
5308,1162,1167,1,28.74,,,,,,,,,,,,,,,,,,,,,
5309,1162,1108,1,27.84,,,,,,,,,,,,,,,,,,,,,
5310,1211,1076,1,28.84,,,,,,,,,,,,,,,,,,,,,
5311,1212,1043,1,26.32,,,,,,,,,,,,,,,,,,,,,
5312,1212,1127,1,27.32,,,,,,,,,,,,,,,,,,,,,
5313,1213,1391,4,49.65,,,,,,,,,,,,,,,,,,,,,
5314,1216,1378,1,38.95,,,,,,,,,,,,,,,,,,,,,
5315,1254,1371,3,66.95,,,,,,,,,,,,,,,,,,,,,
5316,1254,1428,5,66.99,,,,,,,,,,,,,,,,,,,,,
5317,1255,1250,1,50.95,,,,,,,,,,,,,,,,,,,,,
5318,1255,1443,2,16.89,,,,,,,,,,,,,,,,,,,,,
5319,1255,1228,1,24.95,,,,,,,,,,,,,,,,,,,,,
5320,1256,1176,1,4200,,,,,,,,,,,,,,,,,,,,,
5321,1256,1170,1,4200,,,,,,,,,,,,,,,,,,,,,
5322,1257,1193,1,28.49,,,,,,,,,,,,,,,,,,,,,
5323,1257,1233,1,27.65,,,,,,,,,,,,,,,,,,,,,
5324,1257,1477,3,22.84,,,,,,,,,,,,,,,,,,,,,
5325,1258,1122,1,27.32,,,,,,,,,,,,,,,,,,,,,
5326,1258,1292,1,54.95,,,,,,,,,,,,,,,,,,,,,
5327,1258,1196,1,28.74,,,,,,,,,,,,,,,,,,,,,
5328,1259,1022,1,34.99,,,,,,,,,,,,,,,,,,,,,
5329,1259,1162,1,27.99,,,,,,,,,,,,,,,,,,,,,
5330,1260,1467,4,3.49,,,,,,,,,,,,,,,,,,,,,
5331,1260,1197,1,25.95,,,,,,,,,,,,,,,,,,,,,
5332,1260,1339,2,59.32,,,,,,,,,,,,,,,,,,,,,
5333,1261,1064,1,37.65,,,,,,,,,,,,,,,,,,,,,
5334,1262,1169,1,25.84,,,,,,,,,,,,,,,,,,,,,
5335,1262,1445,1,14.84,,,,,,,,,,,,,,,,,,,,,
5336,1262,1447,4,16.95,,,,,,,,,,,,,,,,,,,,,
5337,1263,1466,4,8.65,,,,,,,,,,,,,,,,,,,,,
5338,1263,1007,1,17.65,,,,,,,,,,,,,,,,,,,,,
5339,1263,1369,2,49.49,,,,,,,,,,,,,,,,,,,,,
5340,1264,1079,1,25.84,,,,,,,,,,,,,,,,,,,,,
5341,1264,1038,1,24.32,,,,,,,,,,,,,,,,,,,,,
5342,1264,1240,1,49.89,,,,,,,,,,,,,,,,,,,,,
5343,1265,1319,4,44.49,,,,,,,,,,,,,,,,,,,,,
5344,1265,1332,1,44.49,,,,,,,,,,,,,,,,,,,,,
5345,1266,1439,5,18.49,,,,,,,,,,,,,,,,,,,,,
5346,1266,1194,1,28.49,,,,,,,,,,,,,,,,,,,,,
5347,1266,1162,1,27.99,,,,,,,,,,,,,,,,,,,,,
5348,1267,1018,1,26.99,,,,,,,,,,,,,,,,,,,,,
5349,1267,1316,1,44.49,,,,,,,,,,,,,,,,,,,,,
5350,1267,1120,1,25.32,,,,,,,,,,,,,,,,,,,,,
5351,1268,1382,1,45.65,,,,,,,,,,,,,,,,,,,,,
5352,1269,1389,1,45.65,,,,,,,,,,,,,,,,,,,,,
5353,1270,1355,3,61.89,,,,,,,,,,,,,,,,,,,,,
5354,1271,1166,1,37.32,,,,,,,,,,,,,,,,,,,,,
5355,1272,1183,1,25.84,,,,,,,,,,,,,,,,,,,,,
5356,1272,1191,1,25.84,,,,,,,,,,,,,,,,,,,,,
5357,1273,1125,1,37.95,,,,,,,,,,,,,,,,,,,,,
5358,1274,1289,1,73.84,,,,,,,,,,,,,,,,,,,,,
5359,1274,1349,2,67.89,,,,,,,,,,,,,,,,,,,,,
5360,1275,1040,1,25,,,,,,,,,,,,,,,,,,,,,
5361,1276,1349,2,7450,,,,,,,,,,,,,,,,,,,,,
5362,1276,1254,1,8300,,,,,,,,,,,,,,,,,,,,,
5363,1276,1467,5,550,,,,,,,,,,,,,,,,,,,,,
5364,1277,1236,1,54.65,,,,,,,,,,,,,,,,,,,,,
5365,1278,1130,1,37.89,,,,,,,,,,,,,,,,,,,,,
5366,1278,1341,1,87.65,,,,,,,,,,,,,,,,,,,,,
5367,1279,1346,5,45.89,,,,,,,,,,,,,,,,,,,,,
5368,1279,1080,1,25.84,,,,,,,,,,,,,,,,,,,,,
5369,1280,1176,1,37.49,,,,,,,,,,,,,,,,,,,,,
5370,1280,1300,3,75.65,,,,,,,,,,,,,,,,,,,,,
5371,1281,1128,1,4100,,,,,,,,,,,,,,,,,,,,,
5372,1281,1233,1,4050,,,,,,,,,,,,,,,,,,,,,
5373,1281,1432,3,3150,,,,,,,,,,,,,,,,,,,,,
5374,1282,1436,4,21.95,,,,,,,,,,,,,,,,,,,,,
5375,1282,1054,1,28.74,,,,,,,,,,,,,,,,,,,,,
5376,1283,1292,1,54.95,,,,,,,,,,,,,,,,,,,,,
5377,1283,1183,1,28.84,,,,,,,,,,,,,,,,,,,,,
5378,1284,1358,3,67.74,,,,,,,,,,,,,,,,,,,,,
5379,1284,1011,1,29.49,,,,,,,,,,,,,,,,,,,,,
5380,1285,1004,1,16.32,,,,,,,,,,,,,,,,,,,,,
5381,1285,1289,1,54.95,,,,,,,,,,,,,,,,,,,,,
5382,1286,1381,4,49.95,,,,,,,,,,,,,,,,,,,,,
5383,1286,1426,3,63.49,,,,,,,,,,,,,,,,,,,,,
5384,1286,1397,2,49.99,,,,,,,,,,,,,,,,,,,,,
5385,1287,1325,2,48.74,,,,,,,,,,,,,,,,,,,,,
5386,1288,1386,2,7400,,,,,,,,,,,,,,,,,,,,,
5387,1288,1321,1,7200,,,,,,,,,,,,,,,,,,,,,
5388,1288,1462,1,650,,,,,,,,,,,,,,,,,,,,,
5389,1289,1017,1,4350,,,,,,,,,,,,,,,,,,,,,
5390,1289,1296,1,8350,,,,,,,,,,,,,,,,,,,,,
5391,1290,1067,1,28.74,,,,,,,,,,,,,,,,,,,,,
5392,1290,1046,1,26.32,,,,,,,,,,,,,,,,,,,,,
5393,1290,1465,3,6.49,,,,,,,,,,,,,,,,,,,,,
5394,1291,1212,1,26.99,,,,,,,,,,,,,,,,,,,,,
5395,1291,1089,1,28.65,,,,,,,,,,,,,,,,,,,,,
5396,1291,1102,1,26.84,,,,,,,,,,,,,,,,,,,,,
5397,1295,1078,1,25.84,,,,,,,,,,,,,,,,,,,,,
5398,1299,1195,1,28.65,,,,,,,,,,,,,,,,,,,,,
5399,1201,1379,3,49.32,,,,,,,,,,,,,,,,,,,,,
5400,1202,1071,1,28.74,,,,,,,,,,,,,,,,,,,,,
5401,1203,1379,5,7400,,,,,,,,,,,,,,,,,,,,,
5402,1203,1044,1,3950,,,,,,,,,,,,,,,,,,,,,
5403,1203,1302,4,8350,,,,,,,,,,,,,,,,,,,,,
5404,1204,1047,1,3950,,,,,,,,,,,,,,,,,,,,,
5405,1205,1258,1,55.84,,,,,,,,,,,,,,,,,,,,,
5406,1206,1101,1,26.89,,,,,,,,,,,,,,,,,,,,,
5407,1206,1366,5,49.32,,,,,,,,,,,,,,,,,,,,,
5408,1206,1214,1,28.84,,,,,,,,,,,,,,,,,,,,,
5409,1207,1301,3,56.32,,,,,,,,,,,,,,,,,,,,,
5410,1207,1414,1,23.89,,,,,,,,,,,,,,,,,,,,,
5411,1208,1216,1,28.95,,,,,,,,,,,,,,,,,,,,,
5412,1208,1174,1,28.95,,,,,,,,,,,,,,,,,,,,,
5413,1208,1142,1,26.95,,,,,,,,,,,,,,,,,,,,,
5414,1209,1390,3,49.99,,,,,,,,,,,,,,,,,,,,,
5415,1210,1194,1,28.49,,,,,,,,,,,,,,,,,,,,,
5416,1214,1433,3,21.65,,,,,,,,,,,,,,,,,,,,,
5417,1214,1309,3,55.95,,,,,,,,,,,,,,,,,,,,,
5418,1215,1235,1,54.32,,,,,,,,,,,,,,,,,,,,,
5419,1215,1274,1,54.99,,,,,,,,,,,,,,,,,,,,,
5420,1215,1063,1,28.74,,,,,,,,,,,,,,,,,,,,,
5421,1217,1282,1,41.95,,,,,,,,,,,,,,,,,,,,,
5422,1218,1316,3,48.84,,,,,,,,,,,,,,,,,,,,,
5423,1218,1295,1,56.49,,,,,,,,,,,,,,,,,,,,,
5424,1218,1098,1,26.32,,,,,,,,,,,,,,,,,,,,,
5425,1219,1338,2,64.65,,,,,,,,,,,,,,,,,,,,,
5426,1220,1437,2,15.74,,,,,,,,,,,,,,,,,,,,,
5427,1221,1142,1,26.95,,,,,,,,,,,,,,,,,,,,,
5428,1221,1232,1,27.99,,,,,,,,,,,,,,,,,,,,,
5429,1222,1189,1,28.49,,,,,,,,,,,,,,,,,,,,,
5430,1223,1343,3,64.74,,,,,,,,,,,,,,,,,,,,,
5431,1224,1325,2,48.74,,,,,,,,,,,,,,,,,,,,,
5432,1224,1273,1,55.84,,,,,,,,,,,,,,,,,,,,,
5433,1224,1373,2,49.84,,,,,,,,,,,,,,,,,,,,,
5434,1225,1194,1,28.49,,,,,,,,,,,,,,,,,,,,,
5435,1225,1138,1,26.65,,,,,,,,,,,,,,,,,,,,,
5436,1226,1350,3,50.95,,,,,,,,,,,,,,,,,,,,,
5437,1227,1420,1,62.49,,,,,,,,,,,,,,,,,,,,,
5438,1228,1137,1,26.49,,,,,,,,,,,,,,,,,,,,,
5439,1228,1033,1,26.65,,,,,,,,,,,,,,,,,,,,,
5440,1229,1448,3,18.99,,,,,,,,,,,,,,,,,,,,,
5441,1229,1108,1,27.84,,,,,,,,,,,,,,,,,,,,,
5442,1229,1335,4,64.95,,,,,,,,,,,,,,,,,,,,,
5443,1230,1234,1,54.74,,,,,,,,,,,,,,,,,,,,,
5444,1230,1073,1,28.99,,,,,,,,,,,,,,,,,,,,,
5445,1230,1135,1,26.32,,,,,,,,,,,,,,,,,,,,,
5446,1256,1252,1,8250,,,,,,,,,,,,,,,,,,,,,
5447,1256,1046,1,3950,,,,,,,,,,,,,,,,,,,,,
5448,1256,1386,1,7400,,,,,,,,,,,,,,,,,,,,,
5449,1257,1321,2,48.65,,,,,,,,,,,,,,,,,,,,,
5450,1258,1032,1,26.89,,,,,,,,,,,,,,,,,,,,,
5451,1258,1197,1,28.74,,,,,,,,,,,,,,,,,,,,,
5452,1258,1195,1,28.65,,,,,,,,,,,,,,,,,,,,,
5453,1259,1128,1,27.65,,,,,,,,,,,,,,,,,,,,,
5454,1259,1283,1,54.49,,,,,,,,,,,,,,,,,,,,,
5455,1259,1440,1,22.65,,,,,,,,,,,,,,,,,,,,,
5456,1260,1453,5,5.95,,,,,,,,,,,,,,,,,,,,,
5457,1260,1384,3,45.65,,,,,,,,,,,,,,,,,,,,,
5458,1260,1393,3,45.65,,,,,,,,,,,,,,,,,,,,,
5459,1261,1222,1,38.99,,,,,,,,,,,,,,,,,,,,,
5460,1261,1080,1,37.32,,,,,,,,,,,,,,,,,,,,,
5461,1262,1369,3,45.32,,,,,,,,,,,,,,,,,,,,,
5462,1263,1259,1,55.89,,,,,,,,,,,,,,,,,,,,,
5463,1264,1152,1,24.49,,,,,,,,,,,,,,,,,,,,,
5464,1264,1430,5,68.85,,,,,,,,,,,,,,,,,,,,,
5465,1264,1311,2,50.65,,,,,,,,,,,,,,,,,,,,,
5466,1265,1390,2,45.65,,,,,,,,,,,,,,,,,,,,,
5467,1265,1276,1,49.95,,,,,,,,,,,,,,,,,,,,,
5468,1266,1306,3,55.74,,,,,,,,,,,,,,,,,,,,,
5469,1268,1057,1,25.99,,,,,,,,,,,,,,,,,,,,,
5470,1269,1122,1,25.32,,,,,,,,,,,,,,,,,,,,,
5471,1269,1029,1,24.32,,,,,,,,,,,,,,,,,,,,,
5472,1270,1040,1,24.32,,,,,,,,,,,,,,,,,,,,,
5473,1270,1043,1,24.32,,,,,,,,,,,,,,,,,,,,,
5474,1270,1374,4,45.65,,,,,,,,,,,,,,,,,,,,,
5475,1271,1392,2,67.32,,,,,,,,,,,,,,,,,,,,,
5476,1271,1065,1,37.84,,,,,,,,,,,,,,,,,,,,,
5477,1271,1337,4,87.65,,,,,,,,,,,,,,,,,,,,,
5478,1272,1135,1,24.49,,,,,,,,,,,,,,,,,,,,,
5479,1273,1216,1,38.74,,,,,,,,,,,,,,,,,,,,,
5480,1273,1108,1,37.74,,,,,,,,,,,,,,,,,,,,,
5481,1273,1475,5,49.65,,,,,,,,,,,,,,,,,,,,,
5482,1274,1159,1,36.49,,,,,,,,,,,,,,,,,,,,,
5483,1274,1204,1,35.32,,,,,,,,,,,,,,,,,,,,,
5484,1274,1343,3,87.65,,,,,,,,,,,,,,,,,,,,,
5485,1275,1231,1,19,,,,,,,,,,,,,,,,,,,,,
5486,1275,1061,1,23.75,,,,,,,,,,,,,,,,,,,,,
5487,1275,1126,1,19,,,,,,,,,,,,,,,,,,,,,
5488,1276,1173,1,4200,,,,,,,,,,,,,,,,,,,,,
5489,1277,1283,1,54.49,,,,,,,,,,,,,,,,,,,,,
5490,1277,1117,1,27.89,,,,,,,,,,,,,,,,,,,,,
5491,1277,1301,2,56.32,,,,,,,,,,,,,,,,,,,,,
5492,1278,1362,1,90.99,,,,,,,,,,,,,,,,,,,,,
5493,1279,1463,1,3.95,,,,,,,,,,,,,,,,,,,,,
5494,1280,1263,1,75.84,,,,,,,,,,,,,,,,,,,,,
5495,1281,1342,4,9600,,,,,,,,,,,,,,,,,,,,,
5496,1281,1109,1,4100,,,,,,,,,,,,,,,,,,,,,
5497,1282,1370,5,49.49,,,,,,,,,,,,,,,,,,,,,
5498,1283,1124,1,27.32,,,,,,,,,,,,,,,,,,,,,
5499,1283,1401,4,49.49,,,,,,,,,,,,,,,,,,,,,
5500,1284,1048,1,26.32,,,,,,,,,,,,,,,,,,,,,
5501,1285,1220,1,28.95,,,,,,,,,,,,,,,,,,,,,
5502,1285,1181,1,28.89,,,,,,,,,,,,,,,,,,,,,
5503,1285,1216,1,28.95,,,,,,,,,,,,,,,,,,,,,
5504,1286,1442,1,17.95,,,,,,,,,,,,,,,,,,,,,
5505,1286,1344,1,50.84,,,,,,,,,,,,,,,,,,,,,
5506,1287,1372,3,49.89,,,,,,,,,,,,,,,,,,,,,
5507,1287,1409,1,22.84,,,,,,,,,,,,,,,,,,,,,
5508,1288,1097,1,4000,,,,,,,,,,,,,,,,,,,,,
5509,1289,1071,1,4200,,,,,,,,,,,,,,,,,,,,,
5510,1289,1216,1,4200,,,,,,,,,,,,,,,,,,,,,
5511,1291,1236,1,54.65,,,,,,,,,,,,,,,,,,,,,
5512,1291,1127,1,27.32,,,,,,,,,,,,,,,,,,,,,
5513,1292,1413,5,23.74,,,,,,,,,,,,,,,,,,,,,
5514,1292,1050,1,26.49,,,,,,,,,,,,,,,,,,,,,
5515,1293,1276,1,54.89,,,,,,,,,,,,,,,,,,,,,
5516,1293,1428,1,48.99,,,,,,,,,,,,,,,,,,,,,
5517,1293,1047,1,26.89,,,,,,,,,,,,,,,,,,,,,
5518,1294,1208,1,24.32,,,,,,,,,,,,,,,,,,,,,
5519,1296,1109,1,25.32,,,,,,,,,,,,,,,,,,,,,
5520,1296,1442,4,15.99,,,,,,,,,,,,,,,,,,,,,
5521,1297,1194,1,38.32,,,,,,,,,,,,,,,,,,,,,
5522,1298,1135,1,26.32,,,,,,,,,,,,,,,,,,,,,
5523,1298,1474,4,24.95,,,,,,,,,,,,,,,,,,,,,
5524,1299,1470,1,8.95,,,,,,,,,,,,,,,,,,,,,
5525,1163,1050,1,26.49,,,,,,,,,,,,,,,,,,,,,
5526,1163,1413,1,23.74,,,,,,,,,,,,,,,,,,,,,
5527,1164,1050,1,26.49,,,,,,,,,,,,,,,,,,,,,
5528,1164,1413,1,23.74,,,,,,,,,,,,,,,,,,,,,
5529,1165,1024,1,3950,,,,,,,,,,,,,,,,,,,,,
5530,1166,1050,1,26.49,,,,,,,,,,,,,,,,,,,,,
5531,1166,1413,1,23.74,,,,,,,,,,,,,,,,,,,,,
5532,1167,1300,1,56.65,,,,,,,,,,,,,,,,,,,,,
5533,1168,1300,1,56.65,,,,,,,,,,,,,,,,,,,,,
5534,1169,1050,1,26.49,,,,,,,,,,,,,,,,,,,,,
5535,1169,1413,1,23.74,,,,,,,,,,,,,,,,,,,,,
5536,1170,1050,1,26.49,,,,,,,,,,,,,,,,,,,,,
5537,1170,1413,1,23.74,,,,,,,,,,,,,,,,,,,,,
5538,1171,1050,1,24.32,,,,,,,,,,,,,,,,,,,,,
5539,1171,1413,1,21.95,,,,,,,,,,,,,,,,,,,,,
5540,1172,1300,1,56.65,,,,,,,,,,,,,,,,,,,,,
5541,1173,1050,1,26.49,,,,,,,,,,,,,,,,,,,,,
5542,1173,1413,1,23.74,,,,,,,,,,,,,,,,,,,,,
5543,1174,1050,1,26.49,,,,,,,,,,,,,,,,,,,,,
5544,1174,1413,1,23.74,,,,,,,,,,,,,,,,,,,,,
5545,1175,1050,1,26.49,,,,,,,,,,,,,,,,,,,,,
5546,1175,1413,1,23.74,,,,,,,,,,,,,,,,,,,,,
5547,1176,1300,1,56.65,,,,,,,,,,,,,,,,,,,,,
5548,1177,1300,1,56.65,,,,,,,,,,,,,,,,,,,,,
5549,1178,1300,1,56.65,,,,,,,,,,,,,,,,,,,,,
5550,1179,1300,1,56.65,,,,,,,,,,,,,,,,,,,,,
5551,1180,1300,1,56.65,,,,,,,,,,,,,,,,,,,,,
5552,1181,1050,1,26.49,,,,,,,,,,,,,,,,,,,,,
5553,1181,1413,1,23.74,,,,,,,,,,,,,,,,,,,,,
5554,1182,1300,1,56.65,,,,,,,,,,,,,,,,,,,,,
5555,1183,1300,1,56.65,,,,,,,,,,,,,,,,,,,,,
5556,1184,1050,1,26.49,,,,,,,,,,,,,,,,,,,,,
5557,1184,1413,1,23.74,,,,,,,,,,,,,,,,,,,,,
5558,1185,1050,1,26.49,,,,,,,,,,,,,,,,,,,,,
5559,1185,1413,1,23.74,,,,,,,,,,,,,,,,,,,,,
5560,1186,1050,1,20.89,,,,,,,,,,,,,,,,,,,,,
5561,1186,1413,1,18.32,,,,,,,,,,,,,,,,,,,,,
5562,1187,1050,1,26.49,,,,,,,,,,,,,,,,,,,,,
5563,1187,1413,1,23.74,,,,,,,,,,,,,,,,,,,,,
5564,1188,1050,1,26.49,,,,,,,,,,,,,,,,,,,,,
5565,1188,1413,1,23.74,,,,,,,,,,,,,,,,,,,,,
5566,1189,1300,1,56.65,,,,,,,,,,,,,,,,,,,,,
5567,1190,1300,1,56.65,,,,,,,,,,,,,,,,,,,,,
5568,1191,1050,1,26.49,,,,,,,,,,,,,,,,,,,,,
5569,1191,1413,1,23.74,,,,,,,,,,,,,,,,,,,,,
5570,1192,1300,1,56.65,,,,,,,,,,,,,,,,,,,,,
5571,1193,1300,1,56.65,,,,,,,,,,,,,,,,,,,,,
5572,1194,1050,1,26.49,,,,,,,,,,,,,,,,,,,,,
5573,1194,1413,1,23.74,,,,,,,,,,,,,,,,,,,,,
5574,1195,1300,1,56.65,,,,,,,,,,,,,,,,,,,,,
5575,1196,1300,1,56.65,,,,,,,,,,,,,,,,,,,,,
5576,1197,1050,1,26.49,,,,,,,,,,,,,,,,,,,,,
5577,1197,1413,1,23.74,,,,,,,,,,,,,,,,,,,,,
5578,1198,1050,1,26.49,,,,,,,,,,,,,,,,,,,,,
5579,1198,1413,1,23.74,,,,,,,,,,,,,,,,,,,,,
5580,1199,1300,1,56.65,,,,,,,,,,,,,,,,,,,,,
5581,1200,1300,1,56.65,,,,,,,,,,,,,,,,,,,,,
5582,1231,1300,1,56.65,,,,,,,,,,,,,,,,,,,,,
5583,1232,1050,1,26.49,,,,,,,,,,,,,,,,,,,,,
5584,1232,1413,1,23.74,,,,,,,,,,,,,,,,,,,,,
5585,1233,1300,1,56.65,,,,,,,,,,,,,,,,,,,,,
5586,1234,1300,1,56.65,,,,,,,,,,,,,,,,,,,,,
5587,1235,1300,1,51.49,,,,,,,,,,,,,,,,,,,,,
5588,1236,1300,1,56.65,,,,,,,,,,,,,,,,,,,,,
5589,1237,1024,1,3950,,,,,,,,,,,,,,,,,,,,,
5590,1238,1300,1,51.49,,,,,,,,,,,,,,,,,,,,,
5591,1239,1050,1,26.49,,,,,,,,,,,,,,,,,,,,,
5592,1239,1413,1,23.74,,,,,,,,,,,,,,,,,,,,,
5593,1240,1300,1,51.49,,,,,,,,,,,,,,,,,,,,,
5594,1241,1050,1,35.49,,,,,,,,,,,,,,,,,,,,,
5595,1241,1413,1,32.89,,,,,,,,,,,,,,,,,,,,,
5596,1242,1050,1,24.32,,,,,,,,,,,,,,,,,,,,,
5597,1242,1413,1,21.95,,,,,,,,,,,,,,,,,,,,,
5598,1243,1300,1,51.49,,,,,,,,,,,,,,,,,,,,,
5599,1244,1050,1,24.32,,,,,,,,,,,,,,,,,,,,,
5600,1244,1413,1,21.95,,,,,,,,,,,,,,,,,,,,,
5601,1245,1050,1,35.49,,,,,,,,,,,,,,,,,,,,,
5602,1245,1413,1,32.89,,,,,,,,,,,,,,,,,,,,,
5603,1246,1050,1,35.49,,,,,,,,,,,,,,,,,,,,,
5604,1246,1413,1,32.89,,,,,,,,,,,,,,,,,,,,,
5605,1247,1050,1,26.49,,,,,,,,,,,,,,,,,,,,,
5606,1248,1194,1,4200,,,,,,,,,,,,,,,,,,,,,
5607,1249,1050,1,26.49,,,,,,,,,,,,,,,,,,,,,
5608,1249,1413,1,23.74,,,,,,,,,,,,,,,,,,,,,
5609,1250,1050,1,24.32,,,,,,,,,,,,,,,,,,,,,
5610,1250,1413,1,21.95,,,,,,,,,,,,,,,,,,,,,
5611,1251,1050,1,35.49,,,,,,,,,,,,,,,,,,,,,
5612,1251,1413,1,32.89,,,,,,,,,,,,,,,,,,,,,
5613,1252,1050,1,24.32,,,,,,,,,,,,,,,,,,,,,
5614,1252,1413,1,21.95,,,,,,,,,,,,,,,,,,,,,
5615,1253,1050,1,35.49,,,,,,,,,,,,,,,,,,,,,
5616,1253,1413,1,32.89,,,,,,,,,,,,,,,,,,,,,
5820,1252,1050,1,24.32,,,,,,,,,,,,,,,,,,,,,
5821,1252,1413,1,21.95,,,,,,,,,,,,,,,,,,,,,
5822,1253,1050,1,35.49,,,,,,,,,,,,,,,,,,,,,
5823,1253,1413,1,32.89,,,,,,,,,,,,,,,,,,,,,
,,,,,,,,,,,,,,,,,,,,,,,,,
,,,,,,,,,,,,,,,,,,,,,,,,,
,,,,,,,,,,,,,,,,,,,,,,,,,
,,,,,,,,,,,,,,,,,,,,,,,,,
,,,,,,,,,,,,,,,,,,,,,,,,,
,,,,,,,,,,,,,,,,,,,,,,,,,
,,,,,,,,,,,,,,,,,,,,,,,,,
,,,,,,,,,,,,,,,,,,,,,,,,,
,,,,,,,,,,,,,,,,,,,,,,,,,
,,,,,,,,,,,,,,,,,,,,,,,,,
,,,,,,,,,,,,,,,,,,,,,,,,,
,,,,,,,,,,,,,,,,,,,,,,,,,
,,,,,,,,,,,,,,,,,,,,,,,,,
,,,,,,,,,,,,,,,,,,,,,,,,,
,,,,,,,,,,,,,,,,,,,,,,,,,
,,,,,,,,,,,,,,,,,,,,,,,,,
,,,,,,,,,,,,,,,,,,,,,,,,,
,,,,,,,,,,,,,,,,,,,,,,,,,
,,,,,,,,,,,,,,,,,,,,,,,,,
,,,,,,,,,,,,,,,,,,,,,,,,,
,,,,,,,,,,,,,,,,,,,,,,,,,
,,,,,,,,,,,,,,,,,,,,,,,,,
,,,,,,,,,,,,,,,,,,,,,,,,,
,,,,,,,,,,,,,,,,,,,,,,,,,
,,,,,,,,,,,,,,,,,,,,,,,,,
,,,,,,,,,,,,,,,,,,,,,,,,,
,,,,,,,,,,,,,,,,,,,,,,,,,
,,,,,,,,,,,,,,,,,,,,,,,,,
,,,,,,,,,,,,,,,,,,,,,,,,,
,,,,,,,,,,,,,,,,,,,,,,,,,
,,,,,,,,,,,,,,,,,,,,,,,,,
,,,,,,,,,,,,,,,,,,,,,,,,,
,,,,,,,,,,,,,,,,,,,,,,,,,
,,,,,,,,,,,,,,,,,,,,,,,,,
,,,,,,,,,,,,,,,,,,,,,,,,,
,,,,,,,,,,,,,,,,,,,,,,,,,
,,,,,,,,,,,,,,,,,,,,,,,,,
,,,,,,,,,,,,,,,,,,,,,,,,,
,,,,,,,,,,,,,,,,,,,,,,,,,
,,,,,,,,,,,,,,,,,,,,,,,,,
,,,,,,,,,,,,,,,,,,,,,,,,,
,,,,,,,,,,,,,,,,,,,,,,,,,
,,,,,,,,,,,,,,,,,,,,,,,,,
,,,,,,,,,,,,,,,,,,,,,,,,,
,,,,,,,,,,,,,,,,,,,,,,,,,
,,,,,,,,,,,,,,,,,,,,,,,,,
,,,,,,,,,,,,,,,,,,,,,,,,,
,,,,,,,,,,,,,,,,,,,,,,,,,
,,,,,,,,,,,,,,,,,,,,,,,,,
,,,,,,,,,,,,,,,,,,,,,,,,,
,,,,,,,,,,,,,,,,,,,,,,,,,
,,,,,,,,,,,,,,,,,,,,,,,,,
,,,,,,,,,,,,,,,,,,,,,,,,,
,,,,,,,,,,,,,,,,,,,,,,,,,
,,,,,,,,,,,,,,,,,,,,,,,,,
,,,,,,,,,,,,,,,,,,,,,,,,,
,,,,,,,,,,,,,,,,,,,,,,,,,
,,,,,,,,,,,,,,,,,,,,,,,,,
,,,,,,,,,,,,,,,,,,,,,,,,,
,,,,,,,,,,,,,,,,,,,,,,,,,
,,,,,,,,,,,,,,,,,,,,,,,,,
,,,,,,,,,,,,,,,,,,,,,,,,,
,,,,,,,,,,,,,,,,,,,,,,,,,
,,,,,,,,,,,,,,,,,,,,,,,,,
,,,,,,,,,,,,,,,,,,,,,,,,,
,,,,,,,,,,,,,,,,,,,,,,,,,
,,,,,,,,,,,,,,,,,,,,,,,,,
,,,,,,,,,,,,,,,,,,,,,,,,,
,,,,,,,,,,,,,,,,,,,,,,,,,
,,,,,,,,,,,,,,,,,,,,,,,,,
,,,,,,,,,,,,,,,,,,,,,,,,,
,,,,,,,,,,,,,,,,,,,,,,,,,
,,,,,,,,,,,,,,,,,,,,,,,,,
,,,,,,,,,,,,,,,,,,,,,,,,,
,,,,,,,,,,,,,,,,,,,,,,,,,
,,,,,,,,,,,,,,,,,,,,,,,,,
,,,,,,,,,,,,,,,,,,,,,,,,,
,,,,,,,,,,,,,,,,,,,,,,,,,
,,,,,,,,,,,,,,,,,,,,,,,,,
,,,,,,,,,,,,,,,,,,,,,,,,,
,,,,,,,,,,,,,,,,,,,,,,,,,
,,,,,,,,,,,,,,,,,,,,,,,,,
,,,,,,,,,,,,,,,,,,,,,,,,,
,,,,,,,,,,,,,,,,,,,,,,,,,
,,,,,,,,,,,,,,,,,,,,,,,,,
,,,,,,,,,,,,,,,,,,,,,,,,,
,,,,,,,,,,,,,,,,,,,,,,,,,
,,,,,,,,,,,,,,,,,,,,,,,,,
,,,,,,,,,,,,,,,,,,,,,,,,,
,,,,,,,,,,,,,,,,,,,,,,,,,
,,,,,,,,,,,,,,,,,,,,,,,,,
,,,,,,,,,,,,,,,,,,,,,,,,,
,,,,,,,,,,,,,,,,,,,,,,,,,
,,,,,,,,,,,,,,,,,,,,,,,,,
,,,,,,,,,,,,,,,,,,,,,,,,,
,,,,,,,,,,,,,,,,,,,,,,,,,
,,,,,,,,,,,,,,,,,,,,,,,,,
,,,,,,,,,,,,,,,,,,,,,,,,,
,,,,,,,,,,,,,,,,,,,,,,,,,
,,,,,,,,,,,,,,,,,,,,,,,,,
,,,,,,,,,,,,,,,,,,,,,,,,,
,,,,,,,,,,,,,,,,,,,,,,,,,
,,,,,,,,,,,,,,,,,,,,,,,,,
,,,,,,,,,,,,,,,,,,,,,,,,,
,,,,,,,,,,,,,,,,,,,,,,,,,
,,,,,,,,,,,,,,,,,,,,,,,,,
,,,,,,,,,,,,,,,,,,,,,,,,,
,,,,,,,,,,,,,,,,,,,,,,,,,
,,,,,,,,,,,,,,,,,,,,,,,,,
,,,,,,,,,,,,,,,,,,,,,,,,,
,,,,,,,,,,,,,,,,,,,,,,,,,
,,,,,,,,,,,,,,,,,,,,,,,,,
,,,,,,,,,,,,,,,,,,,,,,,,,
,,,,,,,,,,,,,,,,,,,,,,,,,
,,,,,,,,,,,,,,,,,,,,,,,,,
,,,,,,,,,,,,,,,,,,,,,,,,,
,,,,,,,,,,,,,,,,,,,,,,,,,
,,,,,,,,,,,,,,,,,,,,,,,,,
,,,,,,,,,,,,,,,,,,,,,,,,,
,,,,,,,,,,,,,,,,,,,,,,,,,
,,,,,,,,,,,,,,,,,,,,,,,,,
,,,,,,,,,,,,,,,,,,,,,,,,,
,,,,,,,,,,,,,,,,,,,,,,,,,
,,,,,,,,,,,,,,,,,,,,,,,,,
,,,,,,,,,,,,,,,,,,,,,,,,,
,,,,,,,,,,,,,,,,,,,,,,,,,
,,,,,,,,,,,,,,,,,,,,,,,,,
,,,,,,,,,,,,,,,,,,,,,,,,,
,,,,,,,,,,,,,,,,,,,,,,,,,
,,,,,,,,,,,,,,,,,,,,,,,,,
,,,,,,,,,,,,,,,,,,,,,,,,,
,,,,,,,,,,,,,,,,,,,,,,,,,
,,,,,,,,,,,,,,,,,,,,,,,,,
,,,,,,,,,,,,,,,,,,,,,,,,,
,,,,,,,,,,,,,,,,,,,,,,,,,
,,,,,,,,,,,,,,,,,,,,,,,,,
,,,,,,,,,,,,,,,,,,,,,,,,,
,,,,,,,,,,,,,,,,,,,,,,,,,
,,,,,,,,,,,,,,,,,,,,,,,,,
,,,,,,,,,,,,,,,,,,,,,,,,,
,,,,,,,,,,,,,,,,,,,,,,,,,
,,,,,,,,,,,,,,,,,,,,,,,,,
,,,,,,,,,,,,,,,,,,,,,,,,,
,,,,,,,,,,,,,,,,,,,,,,,,,
,,,,,,,,,,,,,,,,,,,,,,,,,
,,,,,,,,,,,,,,,,,,,,,,,,,
,,,,,,,,,,,,,,,,,,,,,,,,,
,,,,,,,,,,,,,,,,,,,,,,,,,
,,,,,,,,,,,,,,,,,,,,,,,,,
,,,,,,,,,,,,,,,,,,,,,,,,,
,,,,,,,,,,,,,,,,,,,,,,,,,
,,,,,,,,,,,,,,,,,,,,,,,,,
,,,,,,,,,,,,,,,,,,,,,,,,,
,,,,,,,,,,,,,,,,,,,,,,,,,
,,,,,,,,,,,,,,,,,,,,,,,,,
,,,,,,,,,,,,,,,,,,,,,,,,,
,,,,,,,,,,,,,,,,,,,,,,,,,
,,,,,,,,,,,,,,,,,,,,,,,,,
,,,,,,,,,,,,,,,,,,,,,,,,,
,,,,,,,,,,,,,,,,,,,,,,,,,
,,,,,,,,,,,,,,,,,,,,,,,,,
,,,,,,,,,,,,,,,,,,,,,,,,,
,,,,,,,,,,,,,,,,,,,,,,,,,
,,,,,,,,,,,,,,,,,,,,,,,,,
,,,,,,,,,,,,,,,,,,,,,,,,,
,,,,,,,,,,,,,,,,,,,,,,,,,
,,,,,,,,,,,,,,,,,,,,,,,,,
,,,,,,,,,,,,,,,,,,,,,,,,,
,,,,,,,,,,,,,,,,,,,,,,,,,
,,,,,,,,,,,,,,,,,,,,,,,,,
,,,,,,,,,,,,,,,,,,,,,,,,,
,,,,,,,,,,,,,,,,,,,,,,,,,
,,,,,,,,,,,,,,,,,,,,,,,,,
,,,,,,,,,,,,,,,,,,,,,,,,,
,,,,,,,,,,,,,,,,,,,,,,,,,
,,,,,,,,,,,,,,,,,,,,,,,,,
,,,,,,,,,,,,,,,,,,,,,,,,,
,,,,,,,,,,,,,,,,,,,,,,,,,
,,,,,,,,,,,,,,,,,,,,,,,,,
,,,,,,,,,,,,,,,,,,,,,,,,,
,,,,,,,,,,,,,,,,,,,,,,,,,
,,,,,,,,,,,,,,,,,,,,,,,,,
,,,,,,,,,,,,,,,,,,,,,,,,,
,,,,,,,,,,,,,,,,,,,,,,,,,
,,,,,,,,,,,,,,,,,,,,,,,,,
,,,,,,,,,,,,,,,,,,,,,,,,,
,,,,,,,,,,,,,,,,,,,,,,,,,
,,,,,,,,,,,,,,,,,,,,,,,,,
,,,,,,,,,,,,,,,,,,,,,,,,,
,,,,,,,,,,,,,,,,,,,,,,,,,
,,,,,,,,,,,,,,,,,,,,,,,,,
,,,,,,,,,,,,,,,,,,,,,,,,,
,,,,,,,,,,,,,,,,,,,,,,,,,
,,,,,,,,,,,,,,,,,,,,,,,,,
,,,,,,,,,,,,,,,,,,,,,,,,,
,,,,,,,,,,,,,,,,,,,,,,,,,
,,,,,,,,,,,,,,,,,,,,,,,,,
,,,,,,,,,,,,,,,,,,,,,,,,,
,,,,,,,,,,,,,,,,,,,,,,,,,
,,,,,,,,,,,,,,,,,,,,,,,,,
,,,,,,,,,,,,,,,,,,,,,,,,,
,,,,,,,,,,,,,,,,,,,,,,,,,
,,,,,,,,,,,,,,,,,,,,,,,,,
,,,,,,,,,,,,,,,,,,,,,,,,,
,,,,,,,,,,,,,,,,,,,,,,,,,
,,,,,,,,,,,,,,,,,,,,,,,,,
,,,,,,,,,,,,,,,,,,,,,,,,,
,,,,,,,,,,,,,,,,,,,,,,,,,
,,,,,,,,,,,,,,,,,,,,,,,,,
,,,,,,,,,,,,,,,,,,,,,,,,,
,,,,,,,,,,,,,,,,,,,,,,,,,
,,,,,,,,,,,,,,,,,,,,,,,,,
,,,,,,,,,,,,,,,,,,,,,,,,,
,,,,,,,,,,,,,,,,,,,,,,,,,
,,,,,,,,,,,,,,,,,,,,,,,,,
,,,,,,,,,,,,,,,,,,,,,,,,,
,,,,,,,,,,,,,,,,,,,,,,,,,
,,,,,,,,,,,,,,,,,,,,,,,,,
,,,,,,,,,,,,,,,,,,,,,,,,,
,,,,,,,,,,,,,,,,,,,,,,,,,
,,,,,,,,,,,,,,,,,,,,,,,,,
,,,,,,,,,,,,,,,,,,,,,,,,,
,,,,,,,,,,,,,,,,,,,,,,,,,
,,,,,,,,,,,,,,,,,,,,,,,,,
,,,,,,,,,,,,,,,,,,,,,,,,,
,,,,,,,,,,,,,,,,,,,,,,,,,
,,,,,,,,,,,,,,,,,,,,,,,,,
,,,,,,,,,,,,,,,,,,,,,,,,,
,,,,,,,,,,,,,,,,,,,,,,,,,
,,,,,,,,,,,,,,,,,,,,,,,,,
,,,,,,,,,,,,,,,,,,,,,,,,,
,,,,,,,,,,,,,,,,,,,,,,,,,
,,,,,,,,,,,,,,,,,,,,,,,,,
,,,,,,,,,,,,,,,,,,,,,,,,,
,,,,,,,,,,,,,,,,,,,,,,,,,
,,,,,,,,,,,,,,,,,,,,,,,,,
,,,,,,,,,,,,,,,,,,,,,,,,,
,,,,,,,,,,,,,,,,,,,,,,,,,
,,,,,,,,,,,,,,,,,,,,,,,,,
,,,,,,,,,,,,,,,,,,,,,,,,,
,,,,,,,,,,,,,,,,,,,,,,,,,
,,,,,,,,,,,,,,,,,,,,,,,,,
,,,,,,,,,,,,,,,,,,,,,,,,,
,,,,,,,,,,,,,,,,,,,,,,,,,
,,,,,,,,,,,,,,,,,,,,,,,,,
,,,,,,,,,,,,,,,,,,,,,,,,,
,,,,,,,,,,,,,,,,,,,,,,,,,
,,,,,,,,,,,,,,,,,,,,,,,,,
,,,,,,,,,,,,,,,,,,,,,,,,,
,,,,,,,,,,,,,,,,,,,,,,,,,
,,,,,,,,,,,,,,,,,,,,,,,,,
,,,,,,,,,,,,,,,,,,,,,,,,,
,,,,,,,,,,,,,,,,,,,,,,,,,
,,,,,,,,,,,,,,,,,,,,,,,,,
,,,,,,,,,,,,,,,,,,,,,,,,,
,,,,,,,,,,,,,,,,,,,,,,,,,
,,,,,,,,,,,,,,,,,,,,,,,,,
,,,,,,,,,,,,,,,,,,,,,,,,,
,,,,,,,,,,,,,,,,,,,,,,,,,
,,,,,,,,,,,,,,,,,,,,,,,,,
,,,,,,,,,,,,,,,,,,,,,,,,,
,,,,,,,,,,,,,,,,,,,,,,,,,
,,,,,,,,,,,,,,,,,,,,,,,,,
,,,,,,,,,,,,,,,,,,,,,,,,,
,,,,,,,,,,,,,,,,,,,,,,,,,
,,,,,,,,,,,,,,,,,,,,,,,,,
,,,,,,,,,,,,,,,,,,,,,,,,,
,,,,,,,,,,,,,,,,,,,,,,,,,
,,,,,,,,,,,,,,,,,,,,,,,,,
,,,,,,,,,,,,,,,,,,,,,,,,,
,,,,,,,,,,,,,,,,,,,,,,,,,
,,,,,,,,,,,,,,,,,,,,,,,,,
,,,,,,,,,,,,,,,,,,,,,,,,,
,,,,,,,,,,,,,,,,,,,,,,,,,
,,,,,,,,,,,,,,,,,,,,,,,,,
,,,,,,,,,,,,,,,,,,,,,,,,,
,,,,,,,,,,,,,,,,,,,,,,,,,
,,,,,,,,,,,,,,,,,,,,,,,,,
,,,,,,,,,,,,,,,,,,,,,,,,,
,,,,,,,,,,,,,,,,,,,,,,,,,
,,,,,,,,,,,,,,,,,,,,,,,,,
,,,,,,,,,,,,,,,,,,,,,,,,,
,,,,,,,,,,,,,,,,,,,,,,,,,
,,,,,,,,,,,,,,,,,,,,,,,,,
,,,,,,,,,,,,,,,,,,,,,,,,,
,,,,,,,,,,,,,,,,,,,,,,,,,
,,,,,,,,,,,,,,,,,,,,,,,,,
,,,,,,,,,,,,,,,,,,,,,,,,,
,,,,,,,,,,,,,,,,,,,,,,,,,
,,,,,,,,,,,,,,,,,,,,,,,,,
,,,,,,,,,,,,,,,,,,,,,,,,,
,,,,,,,,,,,,,,,,,,,,,,,,,
,,,,,,,,,,,,,,,,,,,,,,,,,
,,,,,,,,,,,,,,,,,,,,,,,,,
,,,,,,,,,,,,,,,,,,,,,,,,,
,,,,,,,,,,,,,,,,,,,,,,,,,
,,,,,,,,,,,,,,,,,,,,,,,,,
,,,,,,,,,,,,,,,,,,,,,,,,,
,,,,,,,,,,,,,,,,,,,,,,,,,
,,,,,,,,,,,,,,,,,,,,,,,,,
,,,,,,,,,,,,,,,,,,,,,,,,,
,,,,,,,,,,,,,,,,,,,,,,,,,
,,,,,,,,,,,,,,,,,,,,,,,,,
,,,,,,,,,,,,,,,,,,,,,,,,,
,,,,,,,,,,,,,,,,,,,,,,,,,
,,,,,,,,,,,,,,,,,,,,,,,,,
,,,,,,,,,,,,,,,,,,,,,,,,,
,,,,,,,,,,,,,,,,,,,,,,,,,
,,,,,,,,,,,,,,,,,,,,,,,,,
,,,,,,,,,,,,,,,,,,,,,,,,,
,,,,,,,,,,,,,,,,,,,,,,,,,
,,,,,,,,,,,,,,,,,,,,,,,,,
,,,,,,,,,,,,,,,,,,,,,,,,,
,,,,,,,,,,,,,,,,,,,,,,,,,
,,,,,,,,,,,,,,,,,,,,,,,,,
,,,,,,,,,,,,,,,,,,,,,,,,,
,,,,,,,,,,,,,,,,,,,,,,,,,
,,,,,,,,,,,,,,,,,,,,,,,,,
,,,,,,,,,,,,,,,,,,,,,,,,,
,,,,,,,,,,,,,,,,,,,,,,,,,
,,,,,,,,,,,,,,,,,,,,,,,,,
,,,,,,,,,,,,,,,,,,,,,,,,,
,,,,,,,,,,,,,,,,,,,,,,,,,
,,,,,,,,,,,,,,,,,,,,,,,,,
,,,,,,,,,,,,,,,,,,,,,,,,,
,,,,,,,,,,,,,,,,,,,,,,,,,
,,,,,,,,,,,,,,,,,,,,,,,,,
,,,,,,,,,,,,,,,,,,,,,,,,,
,,,,,,,,,,,,,,,,,,,,,,,,,
,,,,,,,,,,,,,,,,,,,,,,,,,
,,,,,,,,,,,,,,,,,,,,,,,,,
,,,,,,,,,,,,,,,,,,,,,,,,,
,,,,,,,,,,,,,,,,,,,,,,,,,